mission_time,drones_alive,explored_fraction,fresh_fraction,num_tracking,num_holding,num_degraded,target_detected,time_to_first_detection,tracking_error,min_separation,min_obstacle_distance
0.0000,8,0.0000,0.0000,0,0,0,false,,,4.0157,
0.1000,8,0.0000,0.0000,0,0,0,false,,,4.0157,
0.2000,8,0.0000,0.0000,0,0,0,false,,,4.0157,
0.3000,8,0.0000,0.0000,0,0,0,false,,,4.0157,
0.4000,8,0.0000,0.0000,0,0,0,false,,,4.0157,
0.5000,8,0.0000,0.0000,0,0,0,false,,,4.0157,
0.6000,8,0.0000,0.0000,0,0,0,false,,,4.0157,
0.7000,8,0.0000,0.0000,0,0,0,false,,,4.0157,
0.8000,8,0.0000,0.0000,0,0,0,false,,,4.0157,
0.9000,8,0.0000,0.0000,0,0,0,false,,,4.0157,
1.0000,8,0.0000,0.0000,0,0,0,false,,,4.0196,
1.1000,8,0.0000,0.0000,0,0,0,false,,,4.0196,
1.2000,8,0.0000,0.0000,0,0,0,false,,,4.0335,
1.3000,8,0.0000,0.0000,0,0,0,false,,,4.0335,
1.4000,8,0.0000,0.0000,0,0,0,false,,,4.1026,
1.5000,8,0.0000,0.0000,0,0,0,false,,,4.1026,
1.6000,8,0.0000,0.0000,0,0,0,false,,,4.1963,
1.7000,8,0.0000,0.0000,0,0,0,false,,,4.1963,
1.8000,8,0.0000,0.0000,0,0,0,false,,,4.1629,
1.9000,8,0.0000,0.0000,0,0,0,false,,,4.1629,
2.0000,8,0.0000,0.0000,0,0,0,false,,,4.0086,
2.1000,8,0.0000,0.0000,0,0,0,false,,,4.0086,
2.2000,8,0.0000,0.0000,0,0,0,false,,,3.8717,
2.3000,8,0.0000,0.0000,0,0,0,false,,,3.8717,
2.4000,8,0.0000,0.0000,0,0,0,false,,,3.7352,
2.5000,8,0.0000,0.0000,0,0,0,false,,,3.7352,
2.6000,8,0.0000,0.0000,0,0,0,false,,,3.5989,
2.7000,8,0.0000,0.0000,0,0,0,false,,,3.5989,
2.8000,8,0.0000,0.0000,0,0,0,false,,,3.5066,
2.9000,8,0.0000,0.0000,0,0,0,false,,,3.5066,
3.0000,8,0.0000,0.0000,0,0,0,false,,,3.4301,
3.1000,8,0.0000,0.0000,0,0,0,false,,,3.4301,
3.2000,8,0.0000,0.0000,0,0,0,false,,,3.3689,
3.3000,8,0.0000,0.0000,0,0,0,false,,,3.3689,
3.4000,8,0.0000,0.0000,0,0,0,false,,,3.3239,
3.5000,8,0.0000,0.0000,0,0,0,false,,,3.3239,
3.6000,8,0.0000,0.0000,0,0,0,false,,,3.2937,
3.7000,8,0.0000,0.0000,0,0,0,false,,,3.2937,
3.8000,8,0.0000,0.0000,0,0,0,false,,,3.2786,
3.9000,8,0.0000,0.0000,0,0,0,false,,,3.2786,
4.0000,8,0.0000,0.0000,0,0,0,false,,,3.2418,
4.1000,8,0.0000,0.0000,0,0,0,false,,,3.2418,
4.2000,8,0.0000,0.0000,0,0,0,false,,,3.2555,
4.3000,8,0.0000,0.0000,0,0,0,false,,,3.2555,
4.4000,8,0.0000,0.0000,0,0,0,false,,,3.2409,
4.5000,8,0.0000,0.0000,0,0,0,false,,,3.2409,
4.6000,8,0.0000,0.0000,0,0,0,false,,,3.2549,
4.7000,8,0.0000,0.0000,0,0,0,false,,,3.2549,
4.8000,8,0.0000,0.0000,0,0,0,false,,,3.2557,
4.9000,8,0.0000,0.0000,0,0,0,false,,,3.2557,
5.0000,8,0.0000,0.0000,0,0,0,false,,,3.2566,
5.1000,8,0.0000,0.0000,0,0,0,false,,,3.2566,
5.2000,8,0.0000,0.0000,0,0,0,false,,,3.2427,
5.3000,8,0.0000,0.0000,0,0,0,false,,,3.2427,
5.4000,8,0.0000,0.0000,0,0,0,false,,,3.2433,
5.5000,8,0.0000,0.0000,0,0,0,false,,,3.2433,
5.6000,8,0.0000,0.0000,0,0,0,false,,,3.2727,
5.7000,8,0.0000,0.0000,0,0,0,false,,,3.2727,
5.8000,8,0.0000,0.0000,0,0,0,false,,,3.2748,
5.9000,8,0.0000,0.0000,0,0,0,false,,,3.2748,
6.0000,8,0.0000,0.0000,0,0,0,false,,,3.2823,
6.1000,8,0.0000,0.0000,0,0,0,false,,,3.2823,
6.2000,8,0.0000,0.0000,0,0,0,false,,,3.2669,
6.3000,8,0.0000,0.0000,0,0,0,false,,,3.2669,
6.4000,8,0.0000,0.0000,0,0,0,false,,,3.2664,
6.5000,8,0.0000,0.0000,0,0,0,false,,,3.2664,
6.6000,8,0.0000,0.0000,0,0,0,false,,,3.2516,
6.7000,8,0.0000,0.0000,0,0,0,false,,,3.2516,
6.8000,8,0.0000,0.0000,0,0,0,false,,,3.2667,
6.9000,8,0.0000,0.0000,0,0,0,false,,,3.2667,
7.0000,8,0.0000,0.0000,0,0,0,false,,,3.2521,7.8488
7.1000,8,0.0000,0.0000,0,0,0,false,,,3.2521,7.8488
7.2000,8,0.0000,0.0000,0,0,0,false,,,3.2525,7.5461
7.3000,8,0.0000,0.0000,0,0,0,false,,,3.2525,7.5461
7.4000,8,0.0000,0.0000,0,0,0,false,,,3.2399,7.2485
7.5000,8,0.0000,0.0000,0,0,0,false,,,3.2399,7.2485
7.6000,8,0.0000,0.0000,0,0,0,false,,,3.2546,6.9437
7.7000,8,0.0000,0.0000,0,0,0,false,,,3.2546,6.9437
7.8000,8,0.0000,0.0000,0,0,0,false,,,3.2608,6.6531
7.9000,8,0.0000,0.0000,0,0,0,false,,,3.2608,6.6531
8.0000,8,0.0000,0.0000,0,0,0,false,,,3.2000,6.3688
8.1000,8,0.0000,0.0000,0,0,0,false,,,3.2000,6.3688
8.2000,8,0.0000,0.0000,0,0,0,false,,,3.1900,6.0678
8.3000,8,0.0000,0.0000,0,0,0,false,,,3.1900,6.0678
8.4000,8,0.0000,0.0000,0,0,0,false,,,3.1638,5.7799
8.5000,8,0.0000,0.0000,0,0,0,false,,,3.1638,5.7799
8.6000,8,0.0000,0.0000,0,0,0,false,,,3.1277,5.5081
8.7000,8,0.0000,0.0000,0,0,0,false,,,3.1277,5.5081
8.8000,8,0.0000,0.0000,0,0,0,false,,,3.1093,5.2258
8.9000,8,0.0000,0.0000,0,0,0,false,,,3.1093,5.2258
9.0000,8,0.0000,0.0000,0,0,0,false,,,3.1263,4.9489
9.1000,8,0.0000,0.0000,0,0,0,false,,,3.1263,4.9489
9.2000,8,0.0000,0.0000,0,0,0,false,,,3.1698,4.6928
9.3000,8,0.0000,0.0000,0,0,0,false,,,3.1698,4.6928
9.4000,8,0.0000,0.0000,0,0,0,false,,,3.2290,4.4519
9.5000,8,0.0000,0.0000,0,0,0,false,,,3.2290,4.4519
9.6000,8,0.0000,0.0000,0,0,0,false,,,3.1914,4.1914
9.7000,8,0.0000,0.0000,0,0,0,false,,,3.1914,4.1914
9.8000,8,0.0000,0.0000,0,0,0,false,,,3.1540,3.9451
9.9000,8,0.0000,0.0000,0,0,0,false,,,3.1540,3.9451
10.0000,8,0.0000,0.0000,0,0,0,false,,,3.1312,3.6672
10.1000,8,0.0000,0.0000,0,0,0,false,,,3.1312,3.6672
10.2000,8,0.0000,0.0000,0,0,0,false,,,3.1365,3.4039
10.3000,8,0.0000,0.0000,0,0,0,false,,,3.1365,3.4039
10.4000,8,0.0000,0.0000,0,0,0,false,,,3.1229,3.1477
10.5000,8,0.0000,0.0000,0,0,0,false,,,3.1229,3.1477
10.6000,8,0.0000,0.0000,0,0,0,false,,,3.0998,2.9927
10.7000,8,0.0000,0.0000,0,0,0,false,,,3.0998,2.9927
10.8000,8,0.0000,0.0000,0,0,0,false,,,3.0858,2.9545
10.9000,8,0.0000,0.0000,0,0,0,false,,,3.0858,2.9545
11.0000,8,0.0000,0.0000,0,0,0,false,,,3.0671,2.9605
11.1000,8,0.0000,0.0000,0,0,0,false,,,3.0671,2.9605
11.2000,8,0.0000,0.0000,0,0,0,false,,,3.0702,2.9185
11.3000,8,0.0000,0.0000,0,0,0,false,,,3.0702,2.9185
11.4000,8,0.0000,0.0000,0,0,0,false,,,3.0655,2.9143
11.5000,8,0.0000,0.0000,0,0,0,false,,,3.0655,2.9143
11.6000,8,0.0000,0.0000,0,0,0,false,,,3.0690,2.8983
11.7000,8,0.0000,0.0000,0,0,0,false,,,3.0690,2.8983
11.8000,8,0.0000,0.0000,0,0,0,false,,,3.0623,2.8854
11.9000,8,0.0000,0.0000,0,0,0,false,,,3.0623,2.8854
12.0000,8,0.0000,0.0000,0,0,0,false,,,3.0679,2.8711
12.1000,8,0.0000,0.0000,0,0,0,false,,,3.0679,2.8711
12.2000,8,0.0000,0.0000,0,0,0,false,,,3.0532,2.8567
12.3000,8,0.0000,0.0000,0,0,0,false,,,3.0532,2.8567
12.4000,8,0.0000,0.0000,0,0,0,false,,,3.0499,2.8460
12.5000,8,0.0000,0.0000,0,0,0,false,,,3.0499,2.8460
12.6000,8,0.0000,0.0000,0,0,0,false,,,3.0451,2.7743
12.7000,8,0.0000,0.0000,0,0,0,false,,,3.0451,2.7743
12.8000,8,0.0000,0.0000,0,0,0,false,,,3.0461,2.5648
12.9000,8,0.0000,0.0000,0,0,0,false,,,3.0461,2.5648
13.0000,8,0.0000,0.0000,0,0,0,false,,,3.1005,2.3377
13.1000,8,0.0000,0.0000,0,0,0,false,,,3.1005,2.3377
13.2000,8,0.0000,0.0000,0,0,0,false,,,3.0832,2.1684
13.3000,8,0.0000,0.0000,0,0,0,false,,,3.0832,2.1684
13.4000,8,0.0000,0.0000,0,0,0,false,,,3.0799,2.0235
13.5000,8,0.0000,0.0000,0,0,0,false,,,3.0799,2.0235
13.6000,8,0.0000,0.0000,0,0,0,false,,,3.0796,1.9705
13.7000,8,0.0000,0.0000,0,0,0,false,,,3.0796,1.9705
13.8000,8,0.0000,0.0000,0,0,0,false,,,3.0686,1.9208
13.9000,8,0.0000,0.0000,0,0,0,false,,,3.0686,1.9208
14.0000,8,0.0000,0.0000,0,0,0,false,,,3.0549,2.0026
14.1000,8,0.0000,0.0000,0,0,0,false,,,3.0549,2.0026
14.2000,8,0.0000,0.0000,0,0,0,false,,,3.0403,2.1018
14.3000,8,0.0000,0.0000,0,0,0,false,,,3.0403,2.1018
14.4000,8,0.0000,0.0000,0,0,0,false,,,3.0332,2.2903
14.5000,8,0.0000,0.0000,0,0,0,false,,,3.0332,2.2903
14.6000,8,0.0000,0.0000,0,0,0,false,,,3.0261,2.4913
14.7000,8,0.0000,0.0000,0,0,0,false,,,3.0261,2.4913
14.8000,8,0.0000,0.0000,0,0,0,false,,,3.0250,2.7295
14.9000,8,0.0000,0.0000,0,0,0,false,,,3.0250,2.7295
15.0000,8,0.0000,0.0000,0,0,0,false,,,3.0239,2.8831
15.1000,8,0.0000,0.0000,0,0,0,false,,,3.0239,2.8831
15.2000,8,0.0039,0.0039,0,0,0,false,,,3.0241,2.8486
15.3000,8,0.0039,0.0039,0,0,0,false,,,3.0241,2.8486
15.4000,8,0.0078,0.0078,0,0,0,false,,,3.0187,2.6107
15.5000,8,0.0078,0.0078,0,0,0,false,,,3.0187,2.6107
15.6000,8,0.0078,0.0078,0,0,0,false,,,3.0191,2.3928
15.7000,8,0.0078,0.0078,0,0,0,false,,,3.0191,2.3928
15.8000,8,0.0078,0.0078,0,0,0,false,,,3.0190,2.2028
15.9000,8,0.0078,0.0078,0,0,0,false,,,3.0190,2.2028
16.0000,8,0.0078,0.0078,0,0,0,false,,,3.0197,2.0717
16.1000,8,0.0078,0.0078,0,0,0,false,,,3.0197,2.0717
16.2000,8,0.0078,0.0078,0,0,0,false,,,3.0208,2.0407
16.3000,8,0.0078,0.0078,0,0,0,false,,,3.0208,2.0407
16.4000,8,0.0117,0.0117,0,0,0,false,,,3.0184,2.0245
16.5000,8,0.0117,0.0117,0,0,0,false,,,3.0184,2.0245
16.6000,8,0.0117,0.0117,0,0,0,false,,,3.0189,2.0930
16.7000,8,0.0117,0.0117,0,0,0,false,,,3.0189,2.0930
16.8000,8,0.0117,0.0117,0,0,0,false,,,3.0146,2.1415
16.9000,8,0.0117,0.0117,0,0,0,false,,,3.0146,2.1415
17.0000,8,0.0117,0.0117,0,0,0,false,,,3.0125,2.2655
17.1000,8,0.0117,0.0117,0,0,0,false,,,3.0125,2.2655
17.2000,8,0.0117,0.0117,0,0,0,false,,,3.0119,2.4224
17.3000,8,0.0117,0.0117,0,0,0,false,,,3.0119,2.4224
17.4000,8,0.0117,0.0117,0,0,0,false,,,3.0103,2.6694
17.5000,8,0.0117,0.0117,0,0,0,false,,,3.0103,2.6694
17.6000,8,0.0117,0.0117,0,0,0,false,,,3.0074,2.8979
17.7000,8,0.0117,0.0117,0,0,0,false,,,3.0074,2.8979
17.8000,8,0.0117,0.0117,0,0,0,false,,,3.0062,3.1535
17.9000,8,0.0117,0.0117,0,0,0,false,,,3.0062,3.1535
18.0000,8,0.0117,0.0117,0,0,0,false,,,3.0062,3.0198
18.1000,8,0.0117,0.0117,0,0,0,false,,,3.0062,3.0198
18.2000,8,0.0117,0.0117,0,0,0,false,,,3.0054,2.8127
18.3000,8,0.0117,0.0117,0,0,0,false,,,3.0054,2.8127
18.4000,8,0.0117,0.0117,0,0,0,false,,,3.0054,2.6276
18.5000,8,0.0117,0.0117,0,0,0,false,,,3.0054,2.6276
18.6000,8,0.0156,0.0156,0,0,0,false,,,3.0049,2.4371
18.7000,8,0.0156,0.0156,0,0,0,false,,,3.0049,2.4371
18.8000,8,0.0195,0.0195,0,0,0,false,,,3.0049,2.3014
18.9000,8,0.0195,0.0195,0,0,0,false,,,3.0049,2.3014
19.0000,8,0.0234,0.0234,0,0,0,false,,,3.0049,2.2131
19.1000,8,0.0234,0.0234,0,0,0,false,,,3.0049,2.2131
19.2000,8,0.0234,0.0234,0,0,0,false,,,3.0049,2.2031
19.3000,8,0.0234,0.0234,0,0,0,false,,,3.0049,2.2031
19.4000,8,0.0234,0.0234,0,0,0,false,,,3.0051,2.2030
19.5000,8,0.0234,0.0234,0,0,0,false,,,3.0051,2.2030
19.6000,8,0.0234,0.0234,0,0,0,false,,,3.0059,2.3025
19.7000,8,0.0234,0.0234,0,0,0,false,,,3.0059,2.3025
19.8000,8,0.0234,0.0234,0,0,0,false,,,3.0094,2.4369
19.9000,8,0.0234,0.0234,0,0,0,false,,,3.0094,2.4369
20.0000,8,0.0234,0.0234,0,0,0,false,,,3.0094,2.5999
20.1000,8,0.0234,0.0234,0,0,0,false,,,3.0094,2.5999
20.2000,8,0.0234,0.0234,0,0,0,false,,,3.0091,2.8047
20.3000,8,0.0234,0.0234,0,0,0,false,,,3.0091,2.8047
20.4000,8,0.0234,0.0234,0,0,0,false,,,3.0089,3.0503
20.5000,8,0.0234,0.0234,0,0,0,false,,,3.0089,3.0503
20.6000,8,0.0273,0.0273,0,0,0,false,,,3.0093,3.3241
20.7000,8,0.0273,0.0273,0,0,0,false,,,3.0093,3.3241
20.8000,8,0.0273,0.0273,0,0,0,false,,,3.0100,3.1980
20.9000,8,0.0273,0.0273,0,0,0,false,,,3.0100,3.1980
21.0000,8,0.0273,0.0273,0,0,0,false,,,3.0264,2.9867
21.1000,8,0.0273,0.0273,0,0,0,false,,,3.0264,2.9867
21.2000,8,0.0273,0.0273,0,0,0,false,,,3.0319,2.7779
21.3000,8,0.0273,0.0273,0,0,0,false,,,3.0319,2.7779
21.4000,8,0.0273,0.0273,0,0,0,false,,,3.0297,2.6561
21.5000,8,0.0273,0.0273,0,0,0,false,,,3.0297,2.6561
21.6000,8,0.0273,0.0273,0,0,0,false,,,3.0368,2.5367
21.7000,8,0.0273,0.0273,0,0,0,false,,,3.0368,2.5367
21.8000,8,0.0312,0.0312,0,0,0,false,,,3.0462,2.4834
21.9000,8,0.0312,0.0312,0,0,0,false,,,3.0462,2.4834
22.0000,8,0.0312,0.0312,0,0,0,false,,,3.0497,2.4584
22.1000,8,0.0312,0.0312,0,0,0,false,,,3.0497,2.4584
22.2000,8,0.0312,0.0312,0,0,0,false,,,3.0593,2.5244
22.3000,8,0.0312,0.0312,0,0,0,false,,,3.0593,2.5244
22.4000,8,0.0312,0.0312,0,0,0,false,,,3.0583,2.5828
22.5000,8,0.0312,0.0312,0,0,0,false,,,3.0583,2.5828
22.6000,8,0.0312,0.0312,0,0,0,false,,,3.0518,2.6934
22.7000,8,0.0312,0.0312,0,0,0,false,,,3.0518,2.6934
22.8000,8,0.0391,0.0391,0,0,0,false,,,3.0854,2.8102
22.9000,8,0.0391,0.0391,0,0,0,false,,,3.0854,2.8102
23.0000,8,0.0391,0.0391,0,0,0,false,,,3.0852,2.9976
23.1000,8,0.0391,0.0391,0,0,0,false,,,3.0852,2.9976
23.2000,8,0.0430,0.0430,0,0,0,false,,,3.0947,3.1819
23.3000,8,0.0430,0.0430,0,0,0,false,,,3.0947,3.1819
23.4000,8,0.0430,0.0430,0,0,0,false,,,3.0948,3.3990
23.5000,8,0.0430,0.0430,0,0,0,false,,,3.0948,3.3990
23.6000,8,0.0430,0.0430,0,0,0,false,,,3.1098,3.6098
23.7000,8,0.0430,0.0430,0,0,0,false,,,3.1098,3.6098
23.8000,8,0.0430,0.0430,0,0,0,false,,,3.1175,3.5633
23.9000,8,0.0430,0.0430,0,0,0,false,,,3.1175,3.5633
24.0000,8,0.0430,0.0430,0,0,0,false,,,3.1242,3.3357
24.1000,8,0.0430,0.0430,0,0,0,false,,,3.1242,3.3357
24.2000,8,0.0430,0.0430,0,0,0,false,,,3.2079,3.0970
24.3000,8,0.0430,0.0430,0,0,0,false,,,3.2079,3.0970
24.4000,8,0.0430,0.0430,0,0,0,false,,,3.2526,2.9146
24.5000,8,0.0430,0.0430,0,0,0,false,,,3.2526,2.9146
24.6000,8,0.0469,0.0469,0,0,0,false,,,3.2064,2.7421
24.7000,8,0.0469,0.0469,0,0,0,false,,,3.2064,2.7421
24.8000,8,0.0508,0.0508,0,0,0,false,,,3.1453,2.6169
24.9000,8,0.0508,0.0508,0,0,0,false,,,3.1453,2.6169
25.0000,8,0.0508,0.0508,0,0,0,false,,,3.0833,2.4426
25.1000,8,0.0508,0.0508,0,0,0,false,,,3.0833,2.4426
25.2000,8,0.0508,0.0508,0,0,0,false,,,3.1229,2.3464
25.3000,8,0.0508,0.0508,0,0,0,false,,,3.1229,2.3464
25.4000,8,0.0508,0.0508,0,0,0,false,,,3.1059,2.2684
25.5000,8,0.0508,0.0508,0,0,0,false,,,3.1059,2.2684
25.6000,8,0.0508,0.0508,0,0,0,false,,,3.0818,2.2234
25.7000,8,0.0508,0.0508,0,0,0,false,,,3.0818,2.2234
25.8000,8,0.0508,0.0508,0,0,0,false,,,3.0843,2.2770
25.9000,8,0.0508,0.0508,0,0,0,false,,,3.0843,2.2770
26.0000,8,0.0547,0.0547,0,0,0,false,,,3.0816,2.3574
26.1000,8,0.0547,0.0547,0,0,0,false,,,3.0816,2.3574
26.2000,8,0.0586,0.0586,0,0,0,false,,,3.0851,2.4974
26.3000,8,0.0586,0.0586,0,0,0,false,,,3.0851,2.4974
26.4000,8,0.0586,0.0586,0,0,0,false,,,3.0716,2.6625
26.5000,8,0.0586,0.0586,0,0,0,false,,,3.0716,2.6625
26.6000,8,0.0625,0.0625,0,0,0,false,,,3.1174,2.8132
26.7000,8,0.0625,0.0625,0,0,0,false,,,3.1174,2.8132
26.8000,8,0.0703,0.0703,0,0,0,false,,,3.2287,3.0043
26.9000,8,0.0703,0.0703,0,0,0,false,,,3.2287,3.0043
27.0000,8,0.0742,0.0742,0,0,0,false,,,3.3956,2.8113
27.1000,8,0.0742,0.0742,0,0,0,false,,,3.3956,2.8113
27.2000,8,0.0820,0.0820,0,0,0,false,,,3.6058,2.4632
27.3000,8,0.0820,0.0820,0,0,0,false,,,3.6058,2.4632
27.4000,8,0.0820,0.0820,0,0,0,false,,,3.7960,2.1517
27.5000,8,0.0820,0.0820,0,0,0,false,,,3.7960,2.1517
27.6000,8,0.0859,0.0859,0,0,0,false,,,3.8799,1.8639
27.7000,8,0.0859,0.0859,0,0,0,false,,,3.8799,1.8639
27.8000,8,0.0859,0.0859,0,0,0,false,,,4.0182,1.5790
27.9000,8,0.0859,0.0859,0,0,0,false,,,4.0182,1.5790
28.0000,8,0.0859,0.0859,0,0,0,false,,,4.1181,1.3279
28.1000,8,0.0859,0.0859,0,0,0,false,,,4.1181,1.3279
28.2000,8,0.0859,0.0859,0,0,0,false,,,4.0186,1.1249
28.3000,8,0.0859,0.0859,0,0,0,false,,,4.0186,1.1249
28.4000,8,0.0859,0.0859,0,0,0,false,,,3.9265,1.0128
28.5000,8,0.0859,0.0859,0,0,0,false,,,3.9265,1.0128
28.6000,8,0.0898,0.0898,0,0,0,false,,,3.8501,0.9544
28.7000,8,0.0898,0.0898,0,0,0,false,,,3.8501,0.9544
28.8000,8,0.0898,0.0898,0,0,0,false,,,3.7373,0.9685
28.9000,8,0.0898,0.0898,0,0,0,false,,,3.7373,0.9685
29.0000,8,0.0898,0.0898,0,0,0,false,,,3.6828,1.0164
29.1000,8,0.0898,0.0898,0,0,0,false,,,3.6828,1.0164
29.2000,8,0.0938,0.0938,0,0,0,false,,,3.5588,1.0920
29.3000,8,0.0938,0.0938,0,0,0,false,,,3.5588,1.0920
29.4000,8,0.0977,0.0977,0,0,0,false,,,3.4767,1.1865
29.5000,8,0.0977,0.0977,0,0,0,false,,,3.4767,1.1865
29.6000,8,0.1016,0.1016,0,0,0,false,,,3.4468,1.4199
29.7000,8,0.1016,0.1016,0,0,0,false,,,3.4468,1.4199
29.8000,8,0.1016,0.1016,0,0,0,false,,,3.3719,1.6846
29.9000,8,0.1016,0.1016,0,0,0,false,,,3.3719,1.6846
30.0000,8,0.1094,0.1094,0,0,0,false,,,3.3351,1.9692
30.1000,8,0.1094,0.1094,0,0,0,false,,,3.3351,1.9692
30.2000,8,0.1094,0.1094,0,0,0,false,,,3.3346,2.4669
30.3000,8,0.1094,0.1094,0,0,0,false,,,3.3346,2.4669
30.4000,8,0.1094,0.1094,0,0,0,false,,,3.2678,2.8451
30.5000,8,0.1094,0.1094,0,0,0,false,,,3.2678,2.8451
30.6000,8,0.1133,0.1133,0,0,0,false,,,3.2443,3.2262
30.7000,8,0.1133,0.1133,0,0,0,false,,,3.2443,3.2262
30.8000,8,0.1133,0.1133,0,0,0,false,,,3.2602,3.6178
30.9000,8,0.1133,0.1133,0,0,0,false,,,3.2602,3.6178
31.0000,8,0.1133,0.1133,0,0,0,false,,,3.2302,4.0038
31.1000,8,0.1133,0.1133,0,0,0,false,,,3.2302,4.0038
31.2000,8,0.1172,0.1172,0,0,0,false,,,3.2184,4.3772
31.3000,8,0.1172,0.1172,0,0,0,false,,,3.2184,4.3772
31.4000,8,0.1172,0.1172,0,0,0,false,,,3.2445,4.7558
31.5000,8,0.1172,0.1172,0,0,0,false,,,3.2445,4.7558
31.6000,8,0.1211,0.1211,0,0,0,false,,,3.3329,5.1271
31.7000,8,0.1211,0.1211,0,0,0,false,,,3.3329,5.1271
31.8000,8,0.1211,0.1211,0,0,0,false,,,3.3986,5.0366
31.9000,8,0.1211,0.1211,0,0,0,false,,,3.3986,5.0366
32.0000,8,0.1250,0.1250,0,0,0,false,,,3.3978,4.6535
32.1000,8,0.1250,0.1250,0,0,0,false,,,3.3978,4.6535
32.2000,8,0.1328,0.1328,0,0,0,false,,,3.3483,4.2800
32.3000,8,0.1328,0.1328,0,0,0,false,,,3.3483,4.2800
32.4000,8,0.1328,0.1328,0,0,0,false,,,3.3856,3.8975
32.5000,8,0.1328,0.1328,0,0,0,false,,,3.3856,3.8975
32.6000,8,0.1328,0.1328,0,0,0,false,,,3.4786,3.5280
32.7000,8,0.1328,0.1328,0,0,0,false,,,3.4786,3.5280
32.8000,8,0.1406,0.1406,0,0,0,false,,,3.5517,3.1539
32.9000,8,0.1406,0.1406,0,0,0,false,,,3.5517,3.1539
33.0000,8,0.1445,0.1445,0,0,0,false,,,3.5121,2.7821
33.1000,8,0.1445,0.1445,0,0,0,false,,,3.5121,2.7821
33.2000,8,0.1523,0.1523,0,0,0,false,,,3.4188,2.4341
33.3000,8,0.1523,0.1523,0,0,0,false,,,3.4188,2.4341
33.4000,8,0.1562,0.1562,0,0,0,false,,,3.4406,2.1085
33.5000,8,0.1562,0.1562,0,0,0,false,,,3.4406,2.1085
33.6000,8,0.1641,0.1641,0,0,0,false,,,3.5872,1.8147
33.7000,8,0.1641,0.1641,0,0,0,false,,,3.5872,1.8147
33.8000,8,0.1641,0.1641,0,0,0,false,,,3.7409,1.5569
33.9000,8,0.1641,0.1641,0,0,0,false,,,3.7409,1.5569
34.0000,8,0.1641,0.1641,0,0,0,false,,,3.8484,1.3385
34.1000,8,0.1641,0.1641,0,0,0,false,,,3.8484,1.3385
34.2000,8,0.1641,0.1641,0,0,0,false,,,4.1384,1.1810
34.3000,8,0.1641,0.1641,0,0,0,false,,,4.1384,1.1810
34.4000,8,0.1680,0.1680,0,0,0,false,,,4.3692,1.0363
34.5000,8,0.1680,0.1680,0,0,0,false,,,4.3692,1.0363
34.6000,8,0.1680,0.1680,0,0,0,false,,,4.5058,0.9578
34.7000,8,0.1680,0.1680,0,0,0,false,,,4.5058,0.9578
34.8000,8,0.1758,0.1758,0,0,0,false,,,4.4742,0.9571
34.9000,8,0.1758,0.1758,0,0,0,false,,,4.4742,0.9571
35.0000,8,0.1797,0.1797,0,0,0,false,,,4.3190,0.9643
35.1000,8,0.1797,0.1797,0,0,0,false,,,4.3190,0.9643
35.2000,8,0.1836,0.1836,0,0,0,false,,,4.1809,1.0829
35.3000,8,0.1836,0.1836,0,0,0,false,,,4.1809,1.0829
35.4000,8,0.1836,0.1836,0,0,0,false,,,4.1768,1.2540
35.5000,8,0.1836,0.1836,0,0,0,false,,,4.1768,1.2540
35.6000,8,0.1875,0.1875,0,0,0,false,,,4.2031,1.4134
35.7000,8,0.1875,0.1875,0,0,0,false,,,4.2031,1.4134
35.8000,8,0.1953,0.1953,0,0,0,false,,,4.2388,1.5757
35.9000,8,0.1953,0.1953,0,0,0,false,,,4.2388,1.5757
36.0000,8,0.1992,0.1992,0,0,0,false,,,4.2843,1.8165
36.1000,8,0.1992,0.1992,0,0,0,false,,,4.2843,1.8165
36.2000,8,0.1992,0.1992,0,0,0,false,,,4.3467,2.0473
36.3000,8,0.1992,0.1992,0,0,0,false,,,4.3467,2.0473
36.4000,8,0.2031,0.2031,0,0,0,false,,,4.4109,2.3508
36.5000,8,0.2031,0.2031,0,0,0,false,,,4.4109,2.3508
36.6000,8,0.2031,0.2031,0,0,0,false,,,4.4221,2.6665
36.7000,8,0.2031,0.2031,0,0,0,false,,,4.4221,2.6665
36.8000,8,0.2109,0.2109,0,0,0,false,,,4.4760,2.9720
36.9000,8,0.2109,0.2109,0,0,0,false,,,4.4760,2.9720
37.0000,8,0.2109,0.2109,0,0,0,false,,,4.5434,2.9639
37.1000,8,0.2109,0.2109,0,0,0,false,,,4.5434,2.9639
37.2000,8,0.2148,0.2148,0,0,0,false,,,4.6795,2.5913
37.3000,8,0.2148,0.2148,0,0,0,false,,,4.6795,2.5913
37.4000,8,0.2227,0.2227,0,0,0,false,,,4.9203,2.2542
37.5000,8,0.2227,0.2227,0,0,0,false,,,4.9203,2.2542
37.6000,8,0.2266,0.2266,0,0,0,false,,,5.1741,1.9433
37.7000,8,0.2266,0.2266,0,0,0,false,,,5.1741,1.9433
37.8000,8,0.2305,0.2305,0,0,0,false,,,5.4133,1.6541
37.9000,8,0.2305,0.2305,0,0,0,false,,,5.4133,1.6541
38.0000,8,0.2344,0.2344,0,0,0,false,,,5.6501,1.3845
38.1000,8,0.2344,0.2344,0,0,0,false,,,5.6501,1.3845
38.2000,8,0.2344,0.2344,0,0,0,false,,,5.8470,1.1790
38.3000,8,0.2344,0.2344,0,0,0,false,,,5.8470,1.1790
38.4000,8,0.2344,0.2344,0,0,0,false,,,6.1021,1.0483
38.5000,8,0.2344,0.2344,0,0,0,false,,,6.1021,1.0483
38.6000,8,0.2344,0.2344,0,0,0,false,,,6.3115,1.0122
38.7000,8,0.2344,0.2344,0,0,0,false,,,6.3115,1.0122
38.8000,8,0.2422,0.2422,0,0,0,false,,,6.3914,1.0505
38.9000,8,0.2422,0.2422,0,0,0,false,,,6.3914,1.0505
39.0000,8,0.2539,0.2539,0,0,0,false,,,6.5239,1.1500
39.1000,8,0.2539,0.2539,0,0,0,false,,,6.5239,1.1500
39.2000,8,0.2617,0.2617,0,0,0,false,,,6.7472,1.2921
39.3000,8,0.2617,0.2617,0,0,0,false,,,6.7472,1.2921
39.4000,8,0.2656,0.2656,0,0,0,false,,,6.9888,1.0931
39.5000,8,0.2656,0.2656,0,0,0,false,,,6.9888,1.0931
39.6000,8,0.2656,0.2656,0,0,0,false,,,7.2414,0.9670
39.7000,8,0.2656,0.2656,0,0,0,false,,,7.2414,0.9670
39.8000,8,0.2656,0.2656,0,0,0,false,,,7.5652,0.9592
39.9000,8,0.2656,0.2656,0,0,0,false,,,7.5652,0.9592
40.0000,8,0.2656,0.2656,0,0,0,false,,,7.8967,0.9691
40.1000,8,0.2656,0.2656,0,0,0,false,,,7.8967,0.9691
40.2000,8,0.2656,0.2656,0,0,0,false,,,8.2496,0.9923
40.3000,8,0.2656,0.2656,0,0,0,false,,,8.2496,0.9923
40.4000,8,0.2695,0.2695,0,0,0,false,,,8.5727,0.9512
40.5000,8,0.2695,0.2695,0,0,0,false,,,8.5727,0.9512
40.6000,8,0.2773,0.2773,0,0,0,false,,,8.7171,0.9811
40.7000,8,0.2773,0.2773,0,0,0,false,,,8.7171,0.9811
40.8000,8,0.2812,0.2812,0,0,0,false,,,8.7360,1.0961
40.9000,8,0.2812,0.2812,0,0,0,false,,,8.7360,1.0961
41.0000,8,0.2852,0.2852,0,0,0,false,,,8.7457,1.2681
41.1000,8,0.2852,0.2852,0,0,0,false,,,8.7457,1.2681
41.2000,8,0.2852,0.2852,0,0,0,false,,,8.7554,1.5137
41.3000,8,0.2852,0.2852,0,0,0,false,,,8.7554,1.5137
41.4000,8,0.2891,0.2891,0,0,0,false,,,8.7986,1.8061
41.5000,8,0.2891,0.2891,0,0,0,false,,,8.7986,1.8061
41.6000,8,0.2930,0.2930,0,0,0,false,,,8.8381,2.1318
41.7000,8,0.2930,0.2930,0,0,0,false,,,8.8381,2.1318
41.8000,8,0.2969,0.2969,0,0,0,false,,,8.9304,2.4640
41.9000,8,0.2969,0.2969,0,0,0,false,,,8.9304,2.4640
42.0000,8,0.3047,0.3047,0,0,0,false,,,8.9536,2.8105
42.1000,8,0.3047,0.3047,0,0,0,false,,,8.9536,2.8105
42.2000,8,0.3047,0.3047,0,0,0,false,,,9.0032,3.1631
42.3000,8,0.3047,0.3047,0,0,0,false,,,9.0032,3.1631
42.4000,8,0.3047,0.3047,0,0,0,false,,,9.0508,2.9270
42.5000,8,0.3047,0.3047,0,0,0,false,,,9.0508,2.9270
42.6000,8,0.3086,0.3086,0,0,0,false,,,8.9648,2.5616
42.7000,8,0.3086,0.3086,0,0,0,false,,,8.9648,2.5616
42.8000,8,0.3164,0.3164,0,0,0,false,,,8.8940,2.2289
42.9000,8,0.3164,0.3164,0,0,0,false,,,8.8940,2.2289
43.0000,8,0.3164,0.3164,0,0,0,false,,,8.8178,1.9338
43.1000,8,0.3164,0.3164,0,0,0,false,,,8.8178,1.9338
43.2000,8,0.3203,0.3203,0,0,0,false,,,8.7299,1.6778
43.3000,8,0.3203,0.3203,0,0,0,false,,,8.7299,1.6778
43.4000,8,0.3281,0.3281,0,0,0,false,,,8.5853,1.4662
43.5000,8,0.3281,0.3281,0,0,0,false,,,8.5853,1.4662
43.6000,8,0.3438,0.3438,0,0,0,false,,,8.4758,1.3106
43.7000,8,0.3438,0.3438,0,0,0,false,,,8.4758,1.3106
43.8000,8,0.3516,0.3516,0,0,0,false,,,8.4114,1.1902
43.9000,8,0.3516,0.3516,0,0,0,false,,,8.4114,1.1902
44.0000,8,0.3594,0.3594,0,0,0,false,,,8.4132,1.1216
44.1000,8,0.3594,0.3594,0,0,0,false,,,8.4132,1.1216
44.2000,8,0.3594,0.3594,0,0,0,false,,,8.3915,1.0741
44.3000,8,0.3594,0.3594,0,0,0,false,,,8.3915,1.0741
44.4000,8,0.3594,0.3594,0,0,0,false,,,8.3097,1.0369
44.5000,8,0.3594,0.3594,0,0,0,false,,,8.3097,1.0369
44.6000,8,0.3633,0.3633,0,0,0,false,,,8.3048,1.0086
44.7000,8,0.3633,0.3633,0,0,0,false,,,8.3048,1.0086
44.8000,8,0.3672,0.3672,0,0,0,false,,,8.3023,0.9987
44.9000,8,0.3672,0.3672,0,0,0,false,,,8.3023,0.9987
45.0000,8,0.3672,0.3672,0,0,0,false,,,8.2380,0.9759
45.1000,8,0.3672,0.3672,0,0,0,false,,,8.2380,0.9759
45.2000,8,0.3711,0.3711,0,0,0,false,,,8.1361,0.9550
45.3000,8,0.3711,0.3711,0,0,0,false,,,8.1361,0.9550
45.4000,8,0.3711,0.3711,0,0,0,false,,,8.1123,0.9529
45.5000,8,0.3711,0.3711,0,0,0,false,,,8.1123,0.9529
45.6000,8,0.3750,0.3750,0,0,0,false,,,8.2133,0.9602
45.7000,8,0.3750,0.3750,0,0,0,false,,,8.2133,0.9602
45.8000,8,0.3828,0.3828,0,0,0,false,,,8.4177,0.9484
45.9000,8,0.3828,0.3828,0,0,0,false,,,8.4177,0.9484
46.0000,8,0.3867,0.3867,0,0,0,false,,,8.6762,0.9596
46.1000,8,0.3867,0.3867,0,0,0,false,,,8.6762,0.9596
46.2000,8,0.3867,0.3867,0,0,0,false,,,8.9323,1.1256
46.3000,8,0.3867,0.3867,0,0,0,false,,,8.9323,1.1256
46.4000,8,0.3867,0.3867,0,0,0,false,,,9.0777,1.3233
46.5000,8,0.3867,0.3867,0,0,0,false,,,9.0777,1.3233
46.6000,8,0.3984,0.3984,0,0,0,false,,,9.0776,1.5729
46.7000,8,0.3984,0.3984,0,0,0,false,,,9.0776,1.5729
46.8000,8,0.4062,0.4062,0,0,0,false,,,9.1217,1.7856
46.9000,8,0.4062,0.4062,0,0,0,false,,,9.1217,1.7856
47.0000,8,0.4102,0.4102,0,0,0,false,,,9.1520,1.5250
47.1000,8,0.4102,0.4102,0,0,0,false,,,9.1520,1.5250
47.2000,8,0.4180,0.4180,0,0,0,false,,,9.1524,1.2722
47.3000,8,0.4180,0.4180,0,0,0,false,,,9.1524,1.2722
47.4000,8,0.4219,0.4219,0,0,0,false,,,9.1471,1.0782
47.5000,8,0.4219,0.4219,0,0,0,false,,,9.1471,1.0782
47.6000,8,0.4258,0.4258,0,0,0,false,,,9.1969,0.9756
47.7000,8,0.4258,0.4258,0,0,0,false,,,9.1969,0.9756
47.8000,8,0.4336,0.4336,0,0,0,false,,,9.2732,0.9447
47.9000,8,0.4336,0.4336,0,0,0,false,,,9.2732,0.9447
48.0000,8,0.4414,0.4414,0,0,0,false,,,9.2702,0.9703
48.1000,8,0.4414,0.4414,0,0,0,false,,,9.2702,0.9703
48.2000,8,0.4492,0.4492,0,0,0,false,,,9.3350,1.0209
48.3000,8,0.4492,0.4492,0,0,0,false,,,9.3350,1.0209
48.4000,8,0.4492,0.4492,0,0,0,false,,,9.4178,1.0479
48.5000,8,0.4492,0.4492,0,0,0,false,,,9.4178,1.0479
48.6000,8,0.4531,0.4531,0,0,0,false,,,9.4382,1.0729
48.7000,8,0.4531,0.4531,0,0,0,false,,,9.4382,1.0729
48.8000,8,0.4531,0.4531,0,0,0,false,,,9.5117,1.1888
48.9000,8,0.4531,0.4531,0,0,0,false,,,9.5117,1.1888
49.0000,8,0.4609,0.4609,0,0,0,false,,,9.5461,1.3884
49.1000,8,0.4609,0.4609,0,0,0,false,,,9.5461,1.3884
49.2000,8,0.4609,0.4609,0,0,0,false,,,9.5122,1.6451
49.3000,8,0.4609,0.4609,0,0,0,false,,,9.5122,1.6451
49.4000,8,0.4688,0.4688,0,0,0,false,,,9.5049,1.5443
49.5000,8,0.4688,0.4688,0,0,0,false,,,9.5049,1.5443
49.6000,8,0.4727,0.4727,0,0,0,false,,,9.4246,1.3688
49.7000,8,0.4727,0.4727,0,0,0,false,,,9.4246,1.3688
49.8000,8,0.4805,0.4805,0,0,0,false,,,9.2432,1.2545
49.9000,8,0.4805,0.4805,0,0,0,false,,,9.2432,1.2545
50.0000,8,0.4805,0.4805,0,0,0,false,,,9.0163,1.2096
50.1000,8,0.4805,0.4805,0,0,0,false,,,9.0163,1.2096
50.2000,8,0.4961,0.4961,0,0,0,false,,,8.8541,1.2323
50.3000,8,0.4961,0.4961,0,0,0,false,,,8.8541,1.2323
50.4000,8,0.5000,0.5000,0,0,0,false,,,8.6195,1.3561
50.5000,8,0.5000,0.5000,0,0,0,false,,,8.6195,1.3561
50.6000,8,0.5039,0.5039,0,0,0,false,,,8.4221,1.5605
50.7000,8,0.5039,0.5039,0,0,0,false,,,8.4221,1.5605
50.8000,8,0.5039,0.5039,0,0,0,false,,,8.2217,1.7929
50.9000,8,0.5039,0.5039,0,0,0,false,,,8.2217,1.7929
51.0000,8,0.5078,0.5078,0,0,0,false,,,7.9724,2.0539
51.1000,8,0.5078,0.5078,0,0,0,false,,,7.9724,2.0539
51.2000,8,0.5195,0.5195,0,0,0,false,,,7.8230,2.3391
51.3000,8,0.5195,0.5195,0,0,0,false,,,7.8230,2.3391
51.4000,8,0.5195,0.5195,0,0,0,false,,,7.7883,2.6377
51.5000,8,0.5195,0.5195,0,0,0,false,,,7.7883,2.6377
51.6000,8,0.5234,0.5234,0,0,0,false,,,7.7593,2.9310
51.7000,8,0.5234,0.5234,0,0,0,false,,,7.7593,2.9310
51.8000,8,0.5273,0.5273,0,0,0,false,,,7.7380,2.5732
51.9000,8,0.5273,0.5273,0,0,0,false,,,7.7380,2.5732
52.0000,8,0.5312,0.5312,0,0,0,false,,,7.6887,2.2367
52.1000,8,0.5312,0.5312,0,0,0,false,,,7.6887,2.2367
52.2000,8,0.5391,0.5391,0,0,0,false,,,7.6930,1.9589
52.3000,8,0.5391,0.5391,0,0,0,false,,,7.6930,1.9589
52.4000,8,0.5469,0.5469,0,0,0,false,,,7.6992,1.7758
52.5000,8,0.5469,0.5469,0,0,0,false,,,7.6992,1.7758
52.6000,8,0.5469,0.5469,0,0,0,false,,,7.6132,1.6543
52.7000,8,0.5469,0.5469,0,0,0,false,,,7.6132,1.6543
52.8000,8,0.5508,0.5508,0,0,0,false,,,7.5851,1.6113
52.9000,8,0.5508,0.5508,0,0,0,false,,,7.5851,1.6113
53.0000,8,0.5586,0.5586,0,0,0,false,,,7.5165,1.6466
53.1000,8,0.5586,0.5586,0,0,0,false,,,7.5165,1.6466
53.2000,8,0.5625,0.5625,0,0,0,false,,,7.5078,1.6573
53.3000,8,0.5625,0.5625,0,0,0,false,,,7.5078,1.6573
53.4000,8,0.5742,0.5742,0,0,0,false,,,7.5169,1.7637
53.5000,8,0.5742,0.5742,0,0,0,false,,,7.5169,1.7637
53.6000,8,0.5781,0.5781,0,0,0,false,,,7.4672,1.6446
53.7000,8,0.5781,0.5781,0,0,0,false,,,7.4672,1.6446
53.8000,8,0.5781,0.5781,0,0,0,false,,,7.4553,1.3932
53.9000,8,0.5781,0.5781,0,0,0,false,,,7.4553,1.3932
54.0000,8,0.5781,0.5781,0,0,0,false,,,7.4985,1.1755
54.1000,8,0.5781,0.5781,0,0,0,false,,,7.4985,1.1755
54.2000,8,0.5859,0.5859,0,0,0,false,,,7.5154,1.0363
54.3000,8,0.5859,0.5859,0,0,0,false,,,7.5154,1.0363
54.4000,8,0.5859,0.5859,0,0,0,false,,,7.5386,0.9780
54.5000,8,0.5859,0.5859,0,0,0,false,,,7.5386,0.9780
54.6000,8,0.5859,0.5859,0,0,0,false,,,7.5929,0.9566
54.7000,8,0.5859,0.5859,0,0,0,false,,,7.5929,0.9566
54.8000,8,0.5898,0.5898,0,0,0,false,,,7.6103,0.9753
54.9000,8,0.5898,0.5898,0,0,0,false,,,7.6103,0.9753
55.0000,8,0.5977,0.5977,0,0,0,false,,,7.6026,1.0693
55.1000,8,0.5977,0.5977,0,0,0,false,,,7.6026,1.0693
55.2000,8,0.6055,0.6055,1,0,0,true,55.2000,1.1855,7.6135,1.2481
55.3000,8,0.6055,0.6055,1,0,0,true,55.2000,1.1334,7.6135,1.2481
55.4000,8,0.6094,0.6094,2,0,0,true,55.2000,0.5586,7.7100,1.4652
55.5000,8,0.6094,0.6094,2,0,0,true,55.2000,0.5012,7.7100,1.4652
55.6000,8,0.6094,0.6094,2,0,0,true,55.2000,0.2774,7.8290,1.7497
55.7000,8,0.6094,0.6094,2,0,0,true,55.2000,0.2473,7.8290,1.7497
55.8000,8,0.6094,0.6094,2,0,0,true,55.2000,1.0723,8.0534,2.0520
55.9000,8,0.6094,0.6094,2,0,0,true,55.2000,1.0491,8.0534,2.0520
56.0000,8,0.6172,0.6172,2,0,0,true,55.2000,0.1645,8.2990,2.3758
56.1000,8,0.6172,0.6172,2,0,0,true,55.2000,0.1793,8.2990,2.3758
56.2000,8,0.6211,0.6211,2,0,0,true,55.2000,0.6924,8.5905,2.7023
56.3000,8,0.6211,0.6211,2,0,0,true,55.2000,0.7547,8.5905,2.7023
56.4000,8,0.6211,0.6211,2,0,0,true,55.2000,1.3056,8.8722,2.9087
56.5000,8,0.6211,0.6211,2,0,0,true,55.2000,1.3356,8.8722,2.9087
56.6000,8,0.6211,0.6211,2,0,0,true,55.2000,0.9578,9.1447,2.8398
56.7000,8,0.6211,0.6211,2,0,0,true,55.2000,0.9937,9.1447,2.8398
56.8000,8,0.6211,0.6211,2,0,0,true,55.2000,0.3782,9.3523,2.7580
56.9000,8,0.6211,0.6211,2,0,0,true,55.2000,0.4127,9.3523,2.7580
57.0000,8,0.6211,0.6211,2,0,0,true,55.2000,0.5406,9.5169,2.7348
57.1000,8,0.6211,0.6211,2,0,0,true,55.2000,0.5906,9.5169,2.7348
57.2000,8,0.6250,0.6250,2,0,0,true,55.2000,0.7631,9.6764,2.7662
57.3000,8,0.6250,0.6250,2,0,0,true,55.2000,0.8381,9.6764,2.7662
57.4000,8,0.6289,0.6289,2,0,0,true,55.2000,0.5186,9.8636,2.8111
57.5000,8,0.6289,0.6289,2,0,0,true,55.2000,0.5933,9.8636,2.8111
57.6000,8,0.6289,0.6289,2,0,0,true,55.2000,0.4398,10.0870,2.6729
57.7000,8,0.6289,0.6289,2,0,0,true,55.2000,0.4212,10.0870,2.6729
57.8000,8,0.6328,0.6328,2,0,0,true,55.2000,0.3150,10.3845,2.3321
57.9000,8,0.6328,0.6328,2,0,0,true,55.2000,0.2921,10.3845,2.3321
58.0000,8,0.6367,0.6367,2,0,0,true,55.2000,0.7317,10.4137,2.0229
58.1000,8,0.6367,0.6367,2,0,0,true,55.2000,0.6970,10.4137,2.0229
58.2000,8,0.6367,0.6367,2,0,0,true,55.2000,0.4358,10.1631,1.7438
58.3000,8,0.6367,0.6367,2,0,0,true,55.2000,0.4933,10.1631,1.7438
58.4000,8,0.6367,0.6367,2,0,0,true,55.2000,0.4738,10.0011,1.4965
58.5000,8,0.6367,0.6367,2,0,0,true,55.2000,0.5353,10.0011,1.4965
58.6000,8,0.6406,0.6406,2,0,0,true,55.2000,0.6588,9.8770,1.2923
58.7000,8,0.6406,0.6406,2,0,0,true,55.2000,0.7349,9.8770,1.2923
58.8000,8,0.6445,0.6445,2,0,0,true,55.2000,0.4950,9.7578,1.0930
58.9000,8,0.6445,0.6445,2,0,0,true,55.2000,0.5729,9.7578,1.0930
59.0000,8,0.6484,0.6484,2,0,0,true,55.2000,0.6067,9.6713,0.9841
59.1000,8,0.6484,0.6484,2,0,0,true,55.2000,0.6865,9.6713,0.9841
59.2000,8,0.6484,0.6484,2,0,0,true,55.2000,0.7603,9.5658,0.9454
59.3000,8,0.6484,0.6484,2,0,0,true,55.2000,0.8296,9.5658,0.9454
59.4000,8,0.6523,0.6523,2,0,0,true,55.2000,0.3479,9.4782,0.9453
59.5000,8,0.6523,0.6523,2,0,0,true,55.2000,0.4156,9.4782,0.9453
59.6000,8,0.6602,0.6602,2,0,0,true,55.2000,0.5328,9.3567,0.9553
59.7000,8,0.6602,0.6602,2,0,0,true,55.2000,0.5787,9.3567,0.9553
59.8000,8,0.6602,0.6602,2,0,0,true,55.2000,0.5639,9.2783,1.0585
59.9000,8,0.6602,0.6602,2,0,0,true,55.2000,0.5345,9.2783,1.0585
60.0000,8,0.6602,0.6602,2,0,0,true,55.2000,0.3678,9.1680,1.2775
60.1000,8,0.6602,0.6602,2,0,0,true,55.2000,0.3400,9.1680,1.2775
60.2000,8,0.6680,0.6680,2,0,0,true,55.2000,0.1404,9.0801,1.5569
60.3000,8,0.6680,0.6680,2,0,0,true,55.2000,0.1042,9.0801,1.5569
60.4000,8,0.6719,0.6719,2,0,0,true,55.2000,0.4600,8.9416,1.8591
60.5000,8,0.6719,0.6719,2,0,0,true,55.2000,0.4538,8.9416,1.8591
60.6000,8,0.6758,0.6758,2,0,0,true,55.2000,0.3282,8.7096,2.1264
60.7000,8,0.6758,0.6758,2,0,0,true,55.2000,0.3644,8.7096,2.1264
60.8000,8,0.6758,0.6758,2,0,0,true,55.2000,0.2919,8.3951,1.8444
60.9000,8,0.6758,0.6758,2,0,0,true,55.2000,0.3520,8.3951,1.8444
61.0000,8,0.6758,0.6758,2,0,0,true,55.2000,0.3247,8.1264,1.5936
61.1000,8,0.6758,0.6758,2,0,0,true,55.2000,0.2790,8.1264,1.5936
61.2000,8,0.6797,0.6797,2,0,0,true,55.2000,0.6538,7.8383,1.3710
61.3000,8,0.6797,0.6797,2,0,0,true,55.2000,0.6296,7.8383,1.3710
61.4000,8,0.6797,0.6797,2,0,0,true,55.2000,0.6707,7.5774,1.1686
61.5000,8,0.6797,0.6797,2,0,0,true,55.2000,0.6164,7.5774,1.1686
61.6000,8,0.6836,0.6836,2,0,0,true,55.2000,0.5263,7.3368,1.0051
61.7000,8,0.6836,0.6836,2,0,0,true,55.2000,0.4463,7.3368,1.0051
61.8000,8,0.6836,0.6836,2,0,0,true,55.2000,0.9109,7.0826,0.9483
61.9000,8,0.6836,0.6836,2,0,0,true,55.2000,0.8310,7.0826,0.9483
62.0000,8,0.6836,0.6836,2,0,0,true,55.2000,0.7210,6.8779,0.9518
62.1000,8,0.6836,0.6836,2,0,0,true,55.2000,0.6410,6.8779,0.9518
62.2000,8,0.6875,0.6875,2,0,0,true,55.2000,0.6399,6.6657,0.9527
62.3000,8,0.6875,0.6875,2,0,0,true,55.2000,0.5766,6.6657,0.9527
62.4000,8,0.6953,0.6953,2,0,0,true,55.2000,0.7685,6.5076,0.9885
62.5000,8,0.6953,0.6953,2,0,0,true,55.2000,0.7117,6.5076,0.9885
62.6000,8,0.7031,0.7031,2,0,0,true,55.2000,0.4350,6.3432,1.1122
62.7000,8,0.7031,0.7031,2,0,0,true,55.2000,0.3706,6.3432,1.1122
62.8000,8,0.7031,0.7031,2,0,0,true,55.2000,0.4220,6.3135,1.2466
62.9000,8,0.7031,0.7031,2,0,0,true,55.2000,0.3458,6.3135,1.2466
63.0000,8,0.7031,0.7031,2,0,0,true,55.2000,0.4170,6.2871,1.4721
63.1000,8,0.7031,0.7031,2,0,0,true,55.2000,0.3593,6.2871,1.4721
63.2000,8,0.7070,0.7070,2,0,0,true,55.2000,0.2704,6.2674,1.7315
63.3000,8,0.7070,0.7070,2,0,0,true,55.2000,0.3093,6.2674,1.7315
63.4000,8,0.7070,0.7070,2,0,0,true,55.2000,0.2694,6.2426,1.8454
63.5000,8,0.7070,0.7070,2,0,0,true,55.2000,0.3383,6.2426,1.8454
63.6000,8,0.7070,0.7070,2,0,0,true,55.2000,0.5811,6.1973,1.8066
63.7000,8,0.7070,0.7070,2,0,0,true,55.2000,0.6544,6.1973,1.8066
63.8000,8,0.7070,0.7070,2,0,0,true,55.2000,0.8017,6.1659,1.8123
63.9000,8,0.7070,0.7070,2,0,0,true,55.2000,0.8736,6.1659,1.8123
64.0000,8,0.7070,0.7070,2,0,0,true,55.2000,0.8886,6.1075,1.9102
64.1000,8,0.7070,0.7070,2,0,0,true,55.2000,0.9569,6.1075,1.9102
64.2000,8,0.7148,0.7148,2,0,0,true,55.2000,0.6524,6.0908,2.0912
64.3000,8,0.7148,0.7148,2,0,0,true,55.2000,0.7305,6.0908,2.0912
64.4000,8,0.7148,0.7148,2,0,0,true,55.2000,0.4314,6.0048,2.2854
64.5000,8,0.7148,0.7148,2,0,0,true,55.2000,0.3647,6.0048,2.2854
64.6000,8,0.7148,0.7148,2,0,0,true,55.2000,0.6349,5.9423,2.3217
64.7000,8,0.7148,0.7148,2,0,0,true,55.2000,0.7148,5.9423,2.3217
64.8000,8,0.7148,0.7148,2,0,0,true,55.2000,0.1948,5.8270,2.0293
64.9000,8,0.7148,0.7148,2,0,0,true,55.2000,0.2523,5.8270,2.0293
65.0000,8,0.7188,0.7188,2,0,0,true,55.2000,0.4345,5.7226,1.7459
65.1000,8,0.7188,0.7188,2,0,0,true,55.2000,0.4655,5.7226,1.7459
65.2000,8,0.7188,0.7188,2,0,0,true,55.2000,0.7244,5.7190,1.4754
65.3000,8,0.7188,0.7188,2,0,0,true,55.2000,0.7468,5.7190,1.4754
65.4000,8,0.7188,0.7188,2,0,0,true,55.2000,0.4788,5.7884,1.2340
65.5000,8,0.7188,0.7188,2,0,0,true,55.2000,0.5310,5.7884,1.2340
65.6000,8,0.7227,0.7227,2,0,0,true,55.2000,0.7946,5.6464,1.0626
65.7000,8,0.7227,0.7227,2,0,0,true,55.2000,0.8005,5.6464,1.0626
65.8000,8,0.7227,0.7227,2,0,0,true,55.2000,0.6157,5.2642,0.9929
65.9000,8,0.7227,0.7227,2,0,0,true,55.2000,0.6321,5.2642,0.9929
66.0000,8,0.7227,0.7227,2,0,0,true,55.2000,0.4047,4.9445,0.9480
66.1000,8,0.7227,0.7227,2,0,0,true,55.2000,0.4088,4.9445,0.9480
66.2000,8,0.7266,0.7266,2,0,0,true,55.2000,0.4920,4.5945,0.9605
66.3000,8,0.7266,0.7266,2,0,0,true,55.2000,0.5392,4.5945,0.9605
66.4000,8,0.7344,0.7344,2,0,0,true,55.2000,0.4458,4.3141,1.0160
66.5000,8,0.7344,0.7344,2,0,0,true,55.2000,0.5228,4.3141,1.0160
66.6000,8,0.7344,0.7344,2,0,0,true,55.2000,0.4994,4.0966,1.0738
66.7000,8,0.7344,0.7344,2,0,0,true,55.2000,0.4254,4.0966,1.0738
66.8000,8,0.7383,0.7383,2,0,0,true,55.2000,0.2513,3.8874,1.2747
66.9000,8,0.7383,0.7383,2,0,0,true,55.2000,0.1814,3.8874,1.2747
67.0000,8,0.7422,0.7422,2,0,0,true,55.2000,0.5136,3.7320,1.5007
67.1000,8,0.7422,0.7422,2,0,0,true,55.2000,0.5920,3.7320,1.5007
67.2000,8,0.7422,0.7422,2,0,0,true,55.2000,0.6642,3.5844,1.7677
67.3000,8,0.7422,0.7422,2,0,0,true,55.2000,0.7433,3.5844,1.7677
67.4000,8,0.7422,0.7422,2,0,0,true,55.2000,0.6418,3.4612,2.0492
67.5000,8,0.7422,0.7422,2,0,0,true,55.2000,0.7211,3.4612,2.0492
67.6000,8,0.7461,0.7461,2,0,0,true,55.2000,0.2582,3.3727,2.3618
67.7000,8,0.7461,0.7461,2,0,0,true,55.2000,0.3380,3.3727,2.3618
67.8000,8,0.7461,0.7461,2,0,0,true,55.2000,0.3448,3.2816,2.6828
67.9000,8,0.7461,0.7461,2,0,0,true,55.2000,0.4246,3.2816,2.6828
68.0000,8,0.7461,0.7461,2,0,0,true,55.2000,0.7175,3.2391,3.0111
68.1000,8,0.7461,0.7461,2,0,0,true,55.2000,0.7967,3.2391,3.0111
68.2000,8,0.7461,0.7461,2,0,0,true,55.2000,0.6783,3.1547,2.8303
68.3000,8,0.7461,0.7461,2,0,0,true,55.2000,0.7552,3.1547,2.8303
68.4000,8,0.7461,0.7461,2,0,0,true,55.2000,0.5315,3.1350,2.4753
68.5000,8,0.7461,0.7461,2,0,0,true,55.2000,0.6112,3.1350,2.4753
68.6000,8,0.7500,0.7500,2,0,0,true,55.2000,0.7467,3.1706,2.1514
68.7000,8,0.7500,0.7500,2,0,0,true,55.2000,0.8237,3.1706,2.1514
68.8000,8,0.7578,0.7578,2,0,0,true,55.2000,0.5437,3.1285,1.8662
68.9000,8,0.7578,0.7578,2,0,0,true,55.2000,0.6030,3.1285,1.8662
69.0000,8,0.7617,0.7617,2,0,0,true,55.2000,0.7427,3.1098,1.6306
69.1000,8,0.7617,0.7617,2,0,0,true,55.2000,0.8046,3.1098,1.6306
69.2000,8,0.7617,0.7617,2,0,0,true,55.2000,0.4582,3.1115,1.4397
69.3000,8,0.7617,0.7617,2,0,0,true,55.2000,0.4014,3.1115,1.4397
69.4000,8,0.7617,0.7617,2,0,0,true,55.2000,1.0204,3.1358,1.2772
69.5000,8,0.7617,0.7617,2,0,0,true,55.2000,1.0648,3.1358,1.2772
69.6000,8,0.7617,0.7617,2,0,0,true,55.2000,1.4148,3.2503,1.0988
69.7000,8,0.7617,0.7617,2,0,0,true,55.2000,1.4506,3.2503,1.0988
69.8000,8,0.7617,0.7617,2,0,0,true,55.2000,1.1971,3.4321,0.9706
69.9000,8,0.7617,0.7617,2,0,0,true,55.2000,1.2374,3.4321,0.9706
70.0000,8,0.7617,0.7617,2,0,0,true,55.2000,1.2484,3.5700,0.9457
70.1000,8,0.7617,0.7617,2,0,0,true,55.2000,1.2900,3.5700,0.9457
70.2000,8,0.7695,0.7695,2,0,0,true,55.2000,0.8801,3.7466,0.9561
70.3000,8,0.7695,0.7695,2,0,0,true,55.2000,0.9303,3.7466,0.9561
70.4000,8,0.7695,0.7695,2,0,0,true,55.2000,0.5702,4.0885,0.9552
70.5000,8,0.7695,0.7695,2,0,0,true,55.2000,0.6084,4.0885,0.9552
70.6000,8,0.7734,0.7734,2,0,0,true,55.2000,0.3744,4.4745,0.9743
70.7000,8,0.7734,0.7734,2,0,0,true,55.2000,0.4061,4.4745,0.9743
70.8000,8,0.7812,0.7812,2,0,0,true,55.2000,0.2108,4.9495,1.0398
70.9000,8,0.7812,0.7812,2,0,0,true,55.2000,0.1710,4.9495,1.0398
71.0000,8,0.7812,0.7812,2,0,0,true,55.2000,0.7010,5.4722,1.2357
71.1000,8,0.7812,0.7812,2,0,0,true,55.2000,0.7627,5.4722,1.2357
71.2000,8,0.7812,0.7812,2,0,0,true,55.2000,0.8303,6.0348,1.4521
71.3000,8,0.7812,0.7812,2,0,0,true,55.2000,0.8734,6.0348,1.4521
71.4000,8,0.7812,0.7812,2,0,0,true,55.2000,0.7264,6.6239,1.7335
71.5000,8,0.7812,0.7812,2,0,0,true,55.2000,0.8063,6.6239,1.7335
71.6000,8,0.7891,0.7891,2,0,0,true,55.2000,0.8794,7.1477,2.0585
71.7000,8,0.7891,0.7891,2,0,0,true,55.2000,0.9351,7.1477,2.0585
71.8000,8,0.7891,0.7891,2,0,0,true,55.2000,0.7021,7.6316,2.4048
71.9000,8,0.7891,0.7891,2,0,0,true,55.2000,0.7569,7.6316,2.4048
72.0000,8,0.7891,0.7891,2,0,0,true,55.2000,0.7669,8.0618,2.7253
72.1000,8,0.7891,0.7891,2,0,0,true,55.2000,0.8279,8.0618,2.7253
72.2000,8,0.7891,0.7891,2,0,0,true,55.2000,1.0744,8.4597,3.2805
72.3000,8,0.7891,0.7891,2,0,0,true,55.2000,1.1451,8.4597,3.2805
72.4000,8,0.7930,0.7930,2,0,0,true,55.2000,0.4598,8.8319,3.6321
72.5000,8,0.7930,0.7930,2,0,0,true,55.2000,0.5219,8.8319,3.6321
72.6000,8,0.7969,0.7969,2,0,0,true,55.2000,0.4989,9.1973,3.9423
72.7000,8,0.7969,0.7969,2,0,0,true,55.2000,0.5500,9.1973,3.9423
72.8000,8,0.7969,0.7969,2,0,0,true,55.2000,0.6989,9.5574,3.9709
72.9000,8,0.7969,0.7969,2,0,0,true,55.2000,0.7369,9.5574,3.9709
73.0000,8,0.8047,0.8047,2,0,0,true,55.2000,0.5390,9.9124,3.9469
73.1000,8,0.8047,0.8047,2,0,0,true,55.2000,0.5978,9.9124,3.9469
73.2000,8,0.8086,0.8086,2,0,0,true,55.2000,0.7138,10.2321,3.9618
73.3000,8,0.8086,0.8086,2,0,0,true,55.2000,0.7051,10.2321,3.9618
73.4000,8,0.8125,0.8125,2,0,0,true,55.2000,1.1860,10.4753,4.0259
73.5000,8,0.8125,0.8125,2,0,0,true,55.2000,1.2202,10.4753,4.0259
73.6000,8,0.8164,0.8164,2,0,0,true,55.2000,0.5117,10.6482,4.1047
73.7000,8,0.8164,0.8164,2,0,0,true,55.2000,0.5564,10.6482,4.1047
73.8000,8,0.8164,0.8164,2,0,0,true,55.2000,0.3001,10.7936,3.8258
73.9000,8,0.8164,0.8164,2,0,0,true,55.2000,0.3666,10.7936,3.8258
74.0000,8,0.8164,0.8164,2,0,0,true,55.2000,0.4379,10.8839,3.4531
74.1000,8,0.8164,0.8164,2,0,0,true,55.2000,0.5094,10.8839,3.4531
74.2000,8,0.8164,0.8164,2,0,0,true,55.2000,0.1715,10.9316,3.0791
74.3000,8,0.8164,0.8164,2,0,0,true,55.2000,0.1997,10.9316,3.0791
74.4000,8,0.8242,0.8242,2,0,0,true,55.2000,0.7825,11.0073,2.7091
74.5000,8,0.8242,0.8242,2,0,0,true,55.2000,0.8393,11.0073,2.7091
74.6000,8,0.8281,0.8281,2,0,0,true,55.2000,0.6069,10.8145,2.3667
74.7000,8,0.8281,0.8281,2,0,0,true,55.2000,0.6665,10.8145,2.3667
74.8000,8,0.8320,0.8320,2,0,0,true,55.2000,0.2361,10.6990,2.0645
74.9000,8,0.8320,0.8320,2,0,0,true,55.2000,0.2701,10.6990,2.0645
75.0000,8,0.8320,0.8320,2,0,0,true,55.2000,0.4598,10.6009,1.8023
75.1000,8,0.8320,0.8320,2,0,0,true,55.2000,0.5360,10.6009,1.8023
75.2000,8,0.8320,0.8320,2,0,0,true,55.2000,0.2174,10.5018,1.5951
75.3000,8,0.8320,0.8320,2,0,0,true,55.2000,0.2295,10.5018,1.5951
75.4000,8,0.8359,0.8359,2,0,0,true,55.2000,0.2475,10.4591,1.3912
75.5000,8,0.8359,0.8359,2,0,0,true,55.2000,0.3261,10.4591,1.3912
75.6000,8,0.8359,0.8359,2,0,0,true,55.2000,0.6248,10.4948,1.1868
75.7000,8,0.8359,0.8359,2,0,0,true,55.2000,0.7035,10.4948,1.1868
75.8000,8,0.8438,0.8438,2,0,0,true,55.2000,0.7433,10.5783,1.0193
75.9000,8,0.8438,0.8438,2,0,0,true,55.2000,0.8177,10.5783,1.0193
76.0000,8,0.8438,0.8438,2,0,0,true,55.2000,0.8889,10.6057,0.9590
76.1000,8,0.8438,0.8438,2,0,0,true,55.2000,0.8354,10.6057,0.9590
76.2000,8,0.8516,0.8516,2,0,0,true,55.2000,0.6414,10.5683,0.9579
76.3000,8,0.8516,0.8516,2,0,0,true,55.2000,0.6066,10.5683,0.9579
76.4000,8,0.8516,0.8516,2,0,0,true,55.2000,0.8040,10.5060,0.9605
76.5000,8,0.8516,0.8516,2,0,0,true,55.2000,0.7321,10.5060,0.9605
76.6000,8,0.8516,0.8516,2,0,0,true,55.2000,0.7417,10.3913,0.9490
76.7000,8,0.8516,0.8516,2,0,0,true,55.2000,0.6643,10.3913,0.9490
76.8000,8,0.8594,0.8594,2,0,0,true,55.2000,0.5194,10.3678,0.9576
76.9000,8,0.8594,0.8594,2,0,0,true,55.2000,0.5811,10.3678,0.9576
77.0000,8,0.8594,0.8594,2,0,0,true,55.2000,0.4097,10.4784,0.9435
77.1000,8,0.8594,0.8594,2,0,0,true,55.2000,0.4885,10.4784,0.9435
77.2000,8,0.8711,0.8711,2,0,0,true,55.2000,0.1385,10.6604,0.9449
77.3000,8,0.8711,0.8711,2,0,0,true,55.2000,0.2124,10.6604,0.9449
77.4000,8,0.8711,0.8711,2,0,0,true,55.2000,0.4093,10.8033,0.9785
77.5000,8,0.8711,0.8711,2,0,0,true,55.2000,0.4328,10.8033,0.9785
77.6000,8,0.8750,0.8750,2,0,0,true,55.2000,0.3994,10.8828,1.1415
77.7000,8,0.8750,0.8750,2,0,0,true,55.2000,0.4665,10.8828,1.1415
77.8000,8,0.8750,0.8750,2,0,0,true,55.2000,0.3009,11.1000,1.3012
77.9000,8,0.8750,0.8750,2,0,0,true,55.2000,0.3673,11.1000,1.3012
78.0000,8,0.8750,0.8750,2,0,0,true,55.2000,0.5113,11.2296,1.4630
78.1000,8,0.8750,0.8750,2,0,0,true,55.2000,0.5195,11.2296,1.4630
78.2000,8,0.8828,0.8828,2,0,0,true,55.2000,0.3640,11.1370,1.7042
78.3000,8,0.8828,0.8828,2,0,0,true,55.2000,0.4357,11.1370,1.7042
78.4000,8,0.8828,0.8828,2,0,0,true,55.2000,0.4293,11.1912,1.9227
78.5000,8,0.8828,0.8828,2,0,0,true,55.2000,0.5070,11.1912,1.9227
78.6000,8,0.8906,0.8906,2,0,0,true,55.2000,0.1916,11.2815,1.8959
78.7000,8,0.8906,0.8906,2,0,0,true,55.2000,0.2461,11.2815,1.8959
78.8000,8,0.8945,0.8945,2,0,0,true,55.2000,0.2904,11.2934,1.8972
78.9000,8,0.8945,0.8945,2,0,0,true,55.2000,0.3673,11.2934,1.8972
79.0000,8,0.8984,0.8984,2,0,0,true,55.2000,0.6067,11.4164,1.9394
79.1000,8,0.8984,0.8984,2,0,0,true,55.2000,0.6858,11.4164,1.9394
79.2000,8,0.8984,0.8984,2,0,0,true,55.2000,0.5592,11.4936,1.9225
79.3000,8,0.8984,0.8984,2,0,0,true,55.2000,0.6372,11.4936,1.9225
79.4000,8,0.8984,0.8984,2,0,0,true,55.2000,0.2345,11.4838,1.6429
79.5000,8,0.8984,0.8984,2,0,0,true,55.2000,0.2872,11.4838,1.6429
79.6000,8,0.9023,0.9023,2,0,0,true,55.2000,0.5309,11.4266,1.3722
79.7000,8,0.9023,0.9023,2,0,0,true,55.2000,0.5607,11.4266,1.3722
79.8000,8,0.9023,0.9023,2,0,0,true,55.2000,0.6088,11.4120,1.1447
79.9000,8,0.9023,0.9023,2,0,0,true,55.2000,0.6871,11.4120,1.1447
80.0000,8,0.9062,0.9062,2,0,0,true,55.2000,0.4811,11.5636,0.9908
80.1000,8,0.9062,0.9062,2,0,0,true,55.2000,0.5537,11.5636,0.9908
80.2000,8,0.9141,0.9141,2,0,0,true,55.2000,0.5353,11.7570,0.9501
80.3000,8,0.9141,0.9141,2,0,0,true,55.2000,0.6089,11.7570,0.9501
80.4000,8,0.9180,0.9180,2,0,0,true,55.2000,0.0432,11.8563,0.9647
80.5000,8,0.9180,0.9180,2,0,0,true,55.2000,0.1115,11.8563,0.9647
80.6000,8,0.9219,0.9219,2,0,0,true,55.2000,0.3405,11.8006,0.9515
80.7000,8,0.9219,0.9219,2,0,0,true,55.2000,0.3273,11.8006,0.9515
80.8000,8,0.9219,0.9219,2,0,0,true,55.2000,1.0250,11.6804,0.9870
80.9000,8,0.9219,0.9219,2,0,0,true,55.2000,1.0544,11.6804,0.9870
81.0000,8,0.9219,0.9219,2,0,0,true,55.2000,0.7703,11.5013,1.1103
81.1000,8,0.9219,0.9219,2,0,0,true,55.2000,0.8049,11.5013,1.1103
81.2000,8,0.9219,0.9219,2,0,0,true,55.2000,0.3212,11.3695,1.1585
81.3000,8,0.9219,0.9219,2,0,0,true,55.2000,0.3805,11.3695,1.1585
81.4000,8,0.9219,0.9219,2,0,0,true,55.2000,0.5328,11.3376,1.0695
81.5000,8,0.9219,0.9219,2,0,0,true,55.2000,0.5969,11.3376,1.0695
81.6000,8,0.9258,0.9258,2,0,0,true,55.2000,0.7061,11.3993,1.0029
81.7000,8,0.9258,0.9258,2,0,0,true,55.2000,0.7856,11.3993,1.0029
81.8000,8,0.9336,0.9336,2,0,0,true,55.2000,0.3165,11.5237,0.9521
81.9000,8,0.9336,0.9336,2,0,0,true,55.2000,0.3851,11.5237,0.9521
82.0000,8,0.9375,0.9375,2,0,0,true,55.2000,0.2257,11.5719,0.9464
82.1000,8,0.9375,0.9375,2,0,0,true,55.2000,0.2991,11.5719,0.9464
82.2000,8,0.9375,0.9375,2,0,0,true,55.2000,0.1745,11.5321,1.0104
82.3000,8,0.9375,0.9375,2,0,0,true,55.2000,0.1374,11.5321,1.0104
82.4000,8,0.9375,0.9375,2,0,0,true,55.2000,0.5867,11.4531,1.1317
82.5000,8,0.9375,0.9375,2,0,0,true,55.2000,0.5448,11.4531,1.1317
82.6000,8,0.9414,0.9414,2,0,0,true,55.2000,0.4935,11.4581,1.2284
82.7000,8,0.9414,0.9414,2,0,0,true,55.2000,0.5420,11.4581,1.2284
82.8000,8,0.9453,0.9453,2,0,0,true,55.2000,0.8201,11.5872,1.2701
82.9000,8,0.9453,0.9453,2,0,0,true,55.2000,0.8512,11.5872,1.2701
83.0000,8,0.9453,0.9453,2,0,0,true,55.2000,0.6744,11.6900,1.3786
83.1000,8,0.9453,0.9453,2,0,0,true,55.2000,0.7277,11.6900,1.3786
83.2000,8,0.9492,0.9492,2,0,0,true,55.2000,0.7575,11.7538,1.4859
83.3000,8,0.9492,0.9492,2,0,0,true,55.2000,0.8301,11.7538,1.4859
83.4000,8,0.9570,0.9570,2,0,0,true,55.2000,0.5420,11.8825,1.5253
83.5000,8,0.9570,0.9570,2,0,0,true,55.2000,0.6107,11.8825,1.5253
83.6000,8,0.9570,0.9570,2,0,0,true,55.2000,0.8862,12.0095,1.5276
83.7000,8,0.9570,0.9570,2,0,0,true,55.2000,0.9557,12.0095,1.5276
83.8000,8,0.9570,0.9570,2,0,0,true,55.2000,0.7953,12.0811,1.5228
83.9000,8,0.9570,0.9570,2,0,0,true,55.2000,0.8752,12.0811,1.5228
84.0000,8,0.9570,0.9570,2,0,0,true,55.2000,0.1619,12.1254,1.5574
84.1000,8,0.9570,0.9570,2,0,0,true,55.2000,0.2216,12.1254,1.5574
84.2000,8,0.9570,0.9570,2,0,0,true,55.2000,0.3618,12.0348,1.6527
84.3000,8,0.9570,0.9570,2,0,0,true,55.2000,0.4309,12.0348,1.6527
84.4000,8,0.9609,0.9609,2,0,0,true,55.2000,0.3770,11.9750,1.7701
84.5000,8,0.9609,0.9609,2,0,0,true,55.2000,0.4431,11.9750,1.7701
84.6000,8,0.9648,0.9648,2,0,0,true,55.2000,0.9648,11.9543,1.7700
84.7000,8,0.9648,0.9648,2,0,0,true,55.2000,1.0432,11.9543,1.7700
84.8000,8,0.9648,0.9648,2,0,0,true,55.2000,1.0338,11.8866,1.5677
84.9000,8,0.9648,0.9648,2,0,0,true,55.2000,1.1112,11.8866,1.5677
85.0000,8,0.9688,0.9688,2,0,0,true,55.2000,0.5565,11.8300,1.4602
85.1000,8,0.9688,0.9688,2,0,0,true,55.2000,0.6322,11.8300,1.4602
85.2000,8,0.9688,0.9688,2,0,0,true,55.2000,0.3943,11.7763,1.4066
85.3000,8,0.9688,0.9688,2,0,0,true,55.2000,0.4634,11.7763,1.4066
85.4000,8,0.9688,0.9688,2,0,0,true,55.2000,0.2261,11.6767,1.4136
85.5000,8,0.9688,0.9688,2,0,0,true,55.2000,0.2563,11.6767,1.4136
85.6000,8,0.9688,0.9688,2,0,0,true,55.2000,0.1478,11.5935,1.3661
85.7000,8,0.9688,0.9688,2,0,0,true,55.2000,0.0721,11.5935,1.3661
85.8000,8,0.9688,0.9688,2,0,0,true,55.2000,0.7953,11.4151,1.2679
85.9000,8,0.9688,0.9688,2,0,0,true,55.2000,0.8065,11.4151,1.2679
86.0000,8,0.9727,0.9727,2,0,0,true,55.2000,0.3521,11.2675,1.3163
86.1000,8,0.9727,0.9727,2,0,0,true,55.2000,0.3396,11.2675,1.3163
86.2000,8,0.9766,0.9766,2,0,0,true,55.2000,0.5403,11.2310,1.4303
86.3000,8,0.9766,0.9766,2,0,0,true,55.2000,0.5082,11.2310,1.4303
86.4000,8,0.9766,0.9766,2,0,0,true,55.2000,0.3409,11.2821,1.5672
86.5000,8,0.9766,0.9766,2,0,0,true,55.2000,0.3002,11.2821,1.5672
86.6000,8,0.9766,0.9766,2,0,0,true,55.2000,0.3988,11.3594,1.7841
86.7000,8,0.9766,0.9766,2,0,0,true,55.2000,0.3394,11.3594,1.7841
86.8000,8,0.9805,0.9805,2,0,0,true,55.2000,0.7508,11.3477,2.0475
86.9000,8,0.9805,0.9805,2,0,0,true,55.2000,0.7377,11.3477,2.0475
87.0000,8,0.9805,0.9805,2,0,0,true,55.2000,0.5241,11.3923,2.1622
87.1000,8,0.9805,0.9805,2,0,0,true,55.2000,0.5864,11.3923,2.1622
87.2000,8,0.9883,0.9883,2,0,0,true,55.2000,0.0909,11.5121,2.0258
87.3000,8,0.9883,0.9883,2,0,0,true,55.2000,0.0835,11.5121,2.0258
87.4000,8,0.9883,0.9883,2,0,0,true,55.2000,0.2753,11.5562,1.7455
87.5000,8,0.9883,0.9883,2,0,0,true,55.2000,0.3021,11.5562,1.7455
87.6000,8,0.9883,0.9883,2,0,0,true,55.2000,0.1870,11.4733,1.4823
87.7000,8,0.9883,0.9883,2,0,0,true,55.2000,0.1520,11.4733,1.4823
87.8000,8,0.9883,0.9883,2,0,0,true,55.2000,0.4499,11.4540,1.2654
87.9000,8,0.9883,0.9883,2,0,0,true,55.2000,0.3984,11.4540,1.2654
88.0000,8,0.9883,0.9883,2,0,0,true,55.2000,0.6179,11.5752,1.1401
88.1000,8,0.9883,0.9883,2,0,0,true,55.2000,0.6523,11.5752,1.1401
88.2000,8,0.9883,0.9883,2,0,0,true,55.2000,0.3819,11.6366,1.0103
88.3000,8,0.9883,0.9883,2,0,0,true,55.2000,0.4043,11.6366,1.0103
88.4000,8,0.9883,0.9883,2,0,0,true,55.2000,0.5832,11.6049,0.9477
88.5000,8,0.9883,0.9883,2,0,0,true,55.2000,0.5667,11.6049,0.9477
88.6000,8,0.9883,0.9883,2,0,0,true,55.2000,0.8011,11.6187,0.9650
88.7000,8,0.9883,0.9883,2,0,0,true,55.2000,0.7722,11.6187,0.9650
88.8000,8,0.9883,0.9883,2,0,0,true,55.2000,0.5928,11.6732,1.0270
88.9000,8,0.9883,0.9883,2,0,0,true,55.2000,0.5994,11.6732,1.0270
89.0000,8,0.9883,0.9883,2,0,0,true,55.2000,0.5947,11.6842,1.0694
89.1000,8,0.9883,0.9883,2,0,0,true,55.2000,0.5403,11.6842,1.0694
89.2000,8,0.9883,0.9883,2,0,0,true,55.2000,0.6197,11.7304,1.0094
89.3000,8,0.9883,0.9883,2,0,0,true,55.2000,0.5534,11.7304,1.0094
89.4000,8,0.9922,0.9922,2,0,0,true,55.2000,0.1746,11.7718,0.9535
89.5000,8,0.9922,0.9922,2,0,0,true,55.2000,0.0948,11.7718,0.9535
89.6000,8,0.9922,0.9922,2,0,0,true,55.2000,0.0862,11.6528,0.9787
89.7000,8,0.9922,0.9922,2,0,0,true,55.2000,0.0779,11.6528,0.9787
89.8000,8,0.9922,0.9922,2,0,0,true,55.2000,0.4005,11.4174,1.0266
89.9000,8,0.9922,0.9922,2,0,0,true,55.2000,0.4527,11.4174,1.0266
90.0000,8,0.9922,0.9922,2,0,0,true,55.2000,0.6553,11.2244,1.0419
90.1000,8,0.9922,0.9922,2,0,0,true,55.2000,0.7217,11.2244,1.0419
90.2000,8,0.9922,0.9922,2,0,0,true,55.2000,0.6330,11.0796,1.0419
90.3000,8,0.9922,0.9922,2,0,0,true,55.2000,0.6983,11.0796,1.0419
90.4000,8,0.9922,0.9922,2,0,0,true,55.2000,0.6122,11.0194,1.0419
90.5000,8,0.9922,0.9922,2,0,0,true,55.2000,0.6745,11.0194,1.0419
90.6000,8,0.9922,0.9922,2,0,0,true,55.2000,0.9754,11.0542,1.0419
90.7000,8,0.9922,0.9922,2,0,0,true,55.2000,1.0302,11.0542,1.0419
90.8000,8,0.9922,0.9922,2,0,0,true,55.2000,0.4053,11.1803,1.0419
90.9000,8,0.9922,0.9922,2,0,0,true,55.2000,0.4827,11.1803,1.0419
91.0000,8,0.9922,0.9922,2,0,0,true,55.2000,0.4485,11.2870,1.0419
91.1000,8,0.9922,0.9922,2,0,0,true,55.2000,0.5231,11.2870,1.0419
91.2000,8,0.9922,0.9922,2,0,0,true,55.2000,0.4256,11.3652,1.0419
91.3000,8,0.9922,0.9922,2,0,0,true,55.2000,0.4890,11.3652,1.0419
91.4000,8,0.9922,0.9922,2,0,0,true,55.2000,0.4787,11.3695,1.0419
91.5000,8,0.9922,0.9922,2,0,0,true,55.2000,0.4793,11.3695,1.0419
91.6000,8,0.9922,0.9922,2,0,0,true,55.2000,0.1822,11.3818,1.0310
91.7000,8,0.9922,0.9922,2,0,0,true,55.2000,0.2026,11.3818,1.0310
91.8000,8,0.9922,0.9922,2,0,0,true,55.2000,0.4575,11.3074,1.0125
91.9000,8,0.9922,0.9922,2,0,0,true,55.2000,0.3783,11.3074,1.0125
92.0000,8,0.9922,0.9922,2,0,0,true,55.2000,0.6318,11.2156,0.9678
92.1000,8,0.9922,0.9922,2,0,0,true,55.2000,0.7079,11.2156,0.9678
92.2000,8,0.9922,0.9922,2,0,0,true,55.2000,0.7851,11.1423,0.9523
92.3000,8,0.9922,0.9922,2,0,0,true,55.2000,0.8651,11.1423,0.9523
92.4000,8,0.9922,0.9922,2,0,0,true,55.2000,0.8550,11.1273,0.9506
92.5000,8,0.9922,0.9922,2,0,0,true,55.2000,0.9350,11.1273,0.9506
92.6000,8,0.9922,0.9922,2,0,0,true,55.2000,0.8642,11.2323,0.9674
92.7000,8,0.9922,0.9922,2,0,0,true,55.2000,0.9439,11.2323,0.9674
92.8000,8,0.9922,0.9922,2,0,0,true,55.2000,0.8646,11.3568,0.9809
92.9000,8,0.9922,0.9922,2,0,0,true,55.2000,0.9417,11.3568,0.9809
93.0000,8,0.9922,0.9922,2,0,0,true,55.2000,0.8519,11.4942,0.9755
93.1000,8,0.9922,0.9922,2,0,0,true,55.2000,0.9137,11.4942,0.9755
93.2000,8,0.9922,0.9922,2,0,0,true,55.2000,0.6824,11.5695,0.9704
93.3000,8,0.9922,0.9922,2,0,0,true,55.2000,0.7338,11.5695,0.9704
93.4000,8,0.9922,0.9922,2,0,0,true,55.2000,0.6154,11.6460,0.9658
93.5000,8,0.9922,0.9922,2,0,0,true,55.2000,0.6545,11.6460,0.9658
93.6000,8,0.9922,0.9922,2,0,0,true,55.2000,0.2295,11.7855,0.9616
93.7000,8,0.9922,0.9922,2,0,0,true,55.2000,0.2983,11.7855,0.9616
93.8000,8,0.9922,0.9922,2,0,0,true,55.2000,0.0603,11.9211,0.9577
93.9000,8,0.9922,0.9922,2,0,0,true,55.2000,0.1225,11.9211,0.9577
94.0000,8,0.9922,0.9922,2,0,0,true,55.2000,0.0721,11.9245,0.9543
94.1000,8,0.9922,0.9922,2,0,0,true,55.2000,0.1521,11.9245,0.9543
94.2000,8,0.9922,0.9922,2,0,0,true,55.2000,0.2661,11.8404,0.9539
94.3000,8,0.9922,0.9922,2,0,0,true,55.2000,0.2908,11.8404,0.9539
94.4000,8,0.9922,0.9922,2,0,0,true,55.2000,0.1296,11.8007,0.9539
94.5000,8,0.9922,0.9922,2,0,0,true,55.2000,0.0498,11.8007,0.9539
94.6000,8,0.9922,0.9922,2,0,0,true,55.2000,0.3562,11.8037,0.9512
94.7000,8,0.9922,0.9922,2,0,0,true,55.2000,0.4208,11.8037,0.9512
94.8000,8,0.9922,0.9922,2,0,0,true,55.2000,0.4301,11.8272,0.9425
94.9000,8,0.9922,0.9922,2,0,0,true,55.2000,0.4843,11.8272,0.9425
95.0000,8,0.9922,0.9922,2,0,0,true,55.2000,0.5085,11.7786,0.9505
95.1000,8,0.9922,0.9922,2,0,0,true,55.2000,0.4798,11.7786,0.9505
95.2000,8,0.9922,0.9922,2,0,0,true,55.2000,0.1483,11.6946,0.9569
95.3000,8,0.9922,0.9922,2,0,0,true,55.2000,0.0744,11.6946,0.9569
95.4000,8,0.9922,0.9922,2,0,0,true,55.2000,0.2791,11.5034,0.9567
95.5000,8,0.9922,0.9922,2,0,0,true,55.2000,0.3531,11.5034,0.9567
95.6000,8,0.9922,0.9922,2,0,0,true,55.2000,0.2698,11.3618,1.0007
95.7000,8,0.9922,0.9922,2,0,0,true,55.2000,0.3434,11.3618,1.0007
95.8000,8,0.9922,0.9922,2,0,0,true,55.2000,0.0932,11.3388,1.0236
95.9000,8,0.9922,0.9922,2,0,0,true,55.2000,0.1043,11.3388,1.0236
96.0000,8,0.9922,0.9922,2,0,0,true,55.2000,0.3096,11.3970,1.0236
96.1000,8,0.9922,0.9922,2,0,0,true,55.2000,0.2734,11.3970,1.0236
96.2000,8,0.9922,0.9922,2,0,0,true,55.2000,0.3432,11.3993,1.0236
96.3000,8,0.9922,0.9922,2,0,0,true,55.2000,0.3031,11.3993,1.0236
96.4000,8,0.9922,0.9922,2,0,0,true,55.2000,0.2347,11.3837,1.0173
96.5000,8,0.9922,0.9922,2,0,0,true,55.2000,0.2719,11.3837,1.0173
96.6000,8,0.9922,0.9922,2,0,0,true,55.2000,0.2819,11.3773,1.0165
96.7000,8,0.9922,0.9922,2,0,0,true,55.2000,0.3132,11.3773,1.0165
96.8000,8,0.9922,0.9922,2,0,0,true,55.2000,0.2643,11.4594,1.0011
96.9000,8,0.9922,0.9922,2,0,0,true,55.2000,0.2818,11.4594,1.0011
97.0000,8,0.9922,0.9922,2,0,0,true,55.2000,0.4360,11.5994,0.9662
97.1000,8,0.9922,0.9922,2,0,0,true,55.2000,0.3830,11.5994,0.9662
97.2000,8,0.9922,0.9922,2,0,0,true,55.2000,0.3427,11.7673,0.9479
97.3000,8,0.9922,0.9922,2,0,0,true,55.2000,0.3990,11.7673,0.9479
97.4000,8,0.9922,0.9922,2,0,0,true,55.2000,0.3046,11.9731,0.9443
97.5000,8,0.9922,0.9922,2,0,0,true,55.2000,0.3844,11.9731,0.9443
97.6000,8,0.9922,0.9922,2,0,0,true,55.2000,0.6702,12.2271,1.0035
97.7000,8,0.9922,0.9922,2,0,0,true,55.2000,0.7488,12.2271,1.0035
97.8000,8,0.9922,0.9922,2,0,0,true,55.2000,0.7750,12.4587,0.9520
97.9000,8,0.9922,0.9922,2,0,0,true,55.2000,0.8528,12.4587,0.9520
98.0000,8,0.9922,0.9922,2,0,0,true,55.2000,0.5573,12.6200,0.9428
98.1000,8,0.9922,0.9922,2,0,0,true,55.2000,0.6266,12.6200,0.9428
98.2000,8,0.9922,0.9922,2,0,0,true,55.2000,0.6485,12.7581,0.9426
98.3000,8,0.9922,0.9922,2,0,0,true,55.2000,0.7148,12.7581,0.9426
98.4000,8,0.9922,0.9922,2,0,0,true,55.2000,1.0933,12.9497,0.9426
98.5000,8,0.9922,0.9922,2,0,0,true,55.2000,1.1063,12.9497,0.9426
98.6000,8,0.9922,0.9922,2,0,0,true,55.2000,0.7361,13.0916,0.8206
98.7000,8,0.9922,0.9922,2,0,0,true,55.2000,0.7465,13.0916,0.8206
98.8000,8,0.9922,0.9922,2,0,0,true,55.2000,0.6251,13.1344,0.8206
98.9000,8,0.9922,0.9922,2,0,0,true,55.2000,0.5694,13.1344,0.8206
99.0000,8,0.9922,0.9922,2,0,0,true,55.2000,0.3589,13.1285,0.8206
99.1000,8,0.9922,0.9922,2,0,0,true,55.2000,0.4167,13.1285,0.8206
99.2000,8,0.9922,0.9922,2,0,0,true,55.2000,0.1905,13.0607,0.8206
99.3000,8,0.9922,0.9922,2,0,0,true,55.2000,0.2622,13.0607,0.8206
99.4000,8,0.9922,0.9922,2,0,0,true,55.2000,0.5088,12.9374,0.8206
99.5000,8,0.9922,0.9922,2,0,0,true,55.2000,0.4594,12.9374,0.8206
99.6000,8,0.9922,0.9922,2,0,0,true,55.2000,0.5667,12.7588,0.8206
99.7000,8,0.9922,0.9922,2,0,0,true,55.2000,0.5230,12.7588,0.8206
99.8000,8,0.9922,0.9922,2,0,0,true,55.2000,0.4847,12.5762,0.8206
99.9000,8,0.9922,0.9922,2,0,0,true,55.2000,0.4468,12.5762,0.8206
100.0000,8,0.9922,0.9922,2,0,0,true,55.2000,0.3210,12.4058,0.8206
100.1000,8,0.9922,0.9922,2,0,0,true,55.2000,0.2545,12.4058,0.8206
100.2000,8,0.9922,0.9922,2,0,0,true,55.2000,0.2338,12.2855,0.8246
100.3000,8,0.9922,0.9922,2,0,0,true,55.2000,0.1580,12.2855,0.8246
100.4000,8,0.9922,0.9922,2,0,0,true,55.2000,0.4030,12.1288,0.8324
100.5000,8,0.9922,0.9922,2,0,0,true,55.2000,0.3796,12.1288,0.8324
100.6000,8,0.9922,0.9922,2,0,0,true,55.2000,0.2660,11.9706,0.8530
100.7000,8,0.9922,0.9922,2,0,0,true,55.2000,0.1869,11.9706,0.8530
100.8000,8,0.9922,0.9922,2,0,0,true,55.2000,0.1921,11.8393,0.9073
100.9000,8,0.9922,0.9922,2,0,0,true,55.2000,0.1421,11.8393,0.9073
101.0000,8,0.9922,0.9922,2,0,0,true,55.2000,0.1591,11.7304,0.9711
101.1000,8,0.9922,0.9922,2,0,0,true,55.2000,0.1494,11.7304,0.9711
101.2000,8,0.9922,0.9922,2,0,0,true,55.2000,0.4814,11.6314,0.9567
101.3000,8,0.9922,0.9922,2,0,0,true,55.2000,0.4815,11.6314,0.9567
101.4000,8,0.9922,0.9922,2,0,0,true,55.2000,0.3177,11.5823,0.9742
101.5000,8,0.9922,0.9922,2,0,0,true,55.2000,0.3967,11.5823,0.9742
101.6000,8,0.9922,0.9922,2,0,0,true,55.2000,0.1758,11.5619,1.0211
101.7000,8,0.9922,0.9922,2,0,0,true,55.2000,0.1975,11.5619,1.0211
101.8000,8,0.9922,0.9922,2,0,0,true,55.2000,0.3131,11.5051,1.1714
101.9000,8,0.9922,0.9922,2,0,0,true,55.2000,0.2956,11.5051,1.1714
102.0000,8,0.9922,0.9922,2,0,0,true,55.2000,0.3799,11.4203,1.3727
102.1000,8,0.9922,0.9922,2,0,0,true,55.2000,0.3959,11.4203,1.3727
102.2000,8,0.9922,0.9922,2,0,0,true,55.2000,0.4705,11.3444,1.4986
102.3000,8,0.9922,0.9922,2,0,0,true,55.2000,0.5349,11.3444,1.4986
102.4000,8,0.9922,0.9922,2,0,0,true,55.2000,0.7697,11.2599,1.3204
102.5000,8,0.9922,0.9922,2,0,0,true,55.2000,0.7364,11.2599,1.3204
102.6000,8,0.9922,0.9922,2,0,0,true,55.2000,0.5745,11.1436,1.2128
102.7000,8,0.9922,0.9922,2,0,0,true,55.2000,0.5381,11.1436,1.2128
102.8000,8,0.9922,0.9922,2,0,0,true,55.2000,0.4440,10.9880,1.1233
102.9000,8,0.9922,0.9922,2,0,0,true,55.2000,0.3709,10.9880,1.1233
103.0000,8,0.9922,0.9922,2,0,0,true,55.2000,0.8152,10.8295,0.9985
103.1000,8,0.9922,0.9922,2,0,0,true,55.2000,0.7734,10.8295,0.9985
103.2000,8,0.9922,0.9922,2,0,0,true,55.2000,0.2775,10.7021,0.9555
103.3000,8,0.9922,0.9922,2,0,0,true,55.2000,0.2035,10.7021,0.9555
103.4000,8,0.9922,0.9922,2,0,0,true,55.2000,0.1132,10.5365,0.9757
103.5000,8,0.9922,0.9922,2,0,0,true,55.2000,0.0393,10.5365,0.9757
103.6000,8,0.9922,0.9922,2,0,0,true,55.2000,0.2374,10.2937,1.0253
103.7000,8,0.9922,0.9922,2,0,0,true,55.2000,0.2422,10.2937,1.0253
103.8000,8,0.9922,0.9922,2,0,0,true,55.2000,0.5537,9.9938,1.1680
103.9000,8,0.9922,0.9922,2,0,0,true,55.2000,0.5954,9.9938,1.1680
104.0000,8,0.9922,0.9922,2,0,0,true,55.2000,0.9642,9.7027,1.3845
104.1000,8,0.9922,0.9922,2,0,0,true,55.2000,1.0116,9.7027,1.3845
104.2000,8,0.9922,0.9922,2,0,0,true,55.2000,0.3214,9.5124,1.4483
104.3000,8,0.9922,0.9922,2,0,0,true,55.2000,0.3314,9.5124,1.4483
104.4000,8,0.9922,0.9922,2,0,0,true,55.2000,0.4222,9.3521,1.5011
104.5000,8,0.9922,0.9922,2,0,0,true,55.2000,0.4511,9.3521,1.5011
104.6000,8,0.9922,0.9922,3,0,0,true,55.2000,0.3498,9.2162,1.5940
104.7000,8,0.9922,0.9922,3,0,0,true,55.2000,0.3067,9.2162,1.5940
104.8000,8,0.9961,0.9961,2,0,0,true,55.2000,0.5787,9.1113,1.7804
104.9000,8,0.9961,0.9961,2,0,0,true,55.2000,0.5065,9.1113,1.7804
105.0000,8,0.9961,0.9961,2,0,0,true,55.2000,0.6070,9.0979,1.9941
105.1000,8,0.9961,0.9961,2,0,0,true,55.2000,0.5726,9.0979,1.9941
105.2000,8,0.9961,0.9961,2,0,0,true,55.2000,0.3015,9.0860,2.0724
105.3000,8,0.9961,0.9961,2,0,0,true,55.2000,0.2549,9.0860,2.0724
105.4000,8,0.9961,0.9961,2,0,0,true,55.2000,0.4397,9.0337,2.1892
105.5000,8,0.9961,0.9961,2,0,0,true,55.2000,0.4390,9.0337,2.1892
105.6000,8,0.9961,0.9961,2,0,0,true,55.2000,0.2267,8.9929,2.3024
105.7000,8,0.9961,0.9961,2,0,0,true,55.2000,0.2453,8.9929,2.3024
105.8000,8,0.9961,0.9961,2,0,0,true,55.2000,0.3228,8.9890,2.5123
105.9000,8,0.9961,0.9961,2,0,0,true,55.2000,0.2764,8.9890,2.5123
106.0000,8,0.9961,0.9961,2,0,0,true,55.2000,0.1788,8.9637,2.8262
106.1000,8,0.9961,0.9961,2,0,0,true,55.2000,0.1121,8.9637,2.8262
106.2000,8,0.9961,0.9961,2,0,0,true,55.2000,0.0821,8.9957,2.9400
106.3000,8,0.9961,0.9961,2,0,0,true,55.2000,0.0812,8.9957,2.9400
106.4000,8,0.9961,0.9961,2,0,0,true,55.2000,0.3266,9.0986,2.9362
106.5000,8,0.9961,0.9961,2,0,0,true,55.2000,0.2901,9.0986,2.9362
106.6000,8,0.9961,0.9961,2,0,0,true,55.2000,0.8364,9.2057,2.8511
106.7000,8,0.9961,0.9961,2,0,0,true,55.2000,0.8750,9.2057,2.8511
106.8000,8,0.9961,0.9961,2,0,0,true,55.2000,1.1280,9.4248,2.7609
106.9000,8,0.9961,0.9961,2,0,0,true,55.2000,1.1724,9.4248,2.7609
107.0000,8,0.9961,0.9961,2,0,0,true,55.2000,0.4986,9.2284,2.6960
107.1000,8,0.9961,0.9961,2,0,0,true,55.2000,0.5261,9.2284,2.6960
107.2000,8,0.9961,0.9961,2,0,0,true,55.2000,0.7388,9.1096,2.6827
107.3000,8,0.9961,0.9961,2,0,0,true,55.2000,0.7535,9.1096,2.6827
107.4000,8,0.9961,0.9961,2,0,0,true,55.2000,0.6373,9.1233,2.6831
107.5000,8,0.9961,0.9961,2,0,0,true,55.2000,0.6152,9.1233,2.6831
107.6000,8,0.9961,0.9961,2,0,0,true,55.2000,0.6211,9.1796,2.6510
107.7000,8,0.9961,0.9961,2,0,0,true,55.2000,0.6009,9.1796,2.6510
107.8000,8,0.9961,0.9961,2,0,0,true,55.2000,0.7796,9.2247,2.5883
107.9000,8,0.9961,0.9961,2,0,0,true,55.2000,0.7320,9.2247,2.5883
108.0000,8,0.9961,0.9961,2,0,0,true,55.2000,0.3756,9.2187,2.4780
108.1000,8,0.9961,0.9961,2,0,0,true,55.2000,0.4049,9.2187,2.4780
108.2000,8,0.9961,0.9961,2,0,0,true,55.2000,0.3966,9.2590,2.3816
108.3000,8,0.9961,0.9961,2,0,0,true,55.2000,0.4425,9.2590,2.3816
108.4000,8,0.9961,0.9961,2,0,0,true,55.2000,0.5557,9.3006,2.2560
108.5000,8,0.9961,0.9961,2,0,0,true,55.2000,0.5260,9.3006,2.2560
108.6000,8,0.9961,0.9961,2,0,0,true,55.2000,0.1498,9.3426,2.1609
108.7000,8,0.9961,0.9961,2,0,0,true,55.2000,0.0827,9.3426,2.1609
108.8000,8,0.9961,0.9961,2,0,0,true,55.2000,0.3932,9.4350,2.0180
108.9000,8,0.9961,0.9961,2,0,0,true,55.2000,0.4674,9.4350,2.0180
109.0000,8,0.9961,0.9961,2,0,0,true,55.2000,0.3322,9.5265,1.8705
109.1000,8,0.9961,0.9961,2,0,0,true,55.2000,0.3959,9.5265,1.8705
109.2000,8,0.9961,0.9961,2,0,0,true,55.2000,0.3079,9.6079,1.7531
109.3000,8,0.9961,0.9961,2,0,0,true,55.2000,0.3878,9.6079,1.7531
109.4000,8,0.9961,0.9961,2,0,0,true,55.2000,0.4915,9.6343,1.6794
109.5000,8,0.9961,0.9961,2,0,0,true,55.2000,0.5485,9.6343,1.6794
109.6000,8,1.0000,1.0000,2,0,0,true,55.2000,0.5911,9.7034,1.6228
109.7000,8,1.0000,1.0000,2,0,0,true,55.2000,0.6520,9.7034,1.6228
109.8000,8,1.0000,1.0000,2,0,0,true,55.2000,0.9103,9.8123,1.5824
109.9000,8,1.0000,1.0000,2,0,0,true,55.2000,0.9642,9.8123,1.5824
110.0000,8,1.0000,1.0000,2,0,0,true,55.2000,0.8867,9.9435,1.5470
110.1000,8,1.0000,1.0000,2,0,0,true,55.2000,0.9195,9.9435,1.5470
110.2000,8,1.0000,1.0000,2,0,0,true,55.2000,0.9516,9.9588,1.5225
110.3000,8,1.0000,1.0000,2,0,0,true,55.2000,0.9644,9.9588,1.5225
110.4000,8,1.0000,1.0000,2,0,0,true,55.2000,0.4240,9.9138,1.5441
110.5000,8,1.0000,1.0000,2,0,0,true,55.2000,0.4834,9.9138,1.5441
110.6000,8,1.0000,1.0000,2,0,0,true,55.2000,0.1513,9.9131,1.6271
110.7000,8,1.0000,1.0000,2,0,0,true,55.2000,0.2219,9.9131,1.6271
110.8000,8,1.0000,1.0000,2,0,0,true,55.2000,0.0422,9.9359,1.7709
110.9000,8,1.0000,1.0000,2,0,0,true,55.2000,0.1103,9.9359,1.7709
111.0000,8,1.0000,1.0000,2,0,0,true,55.2000,0.3903,10.0266,1.6490
111.1000,8,1.0000,1.0000,2,0,0,true,55.2000,0.4598,10.0266,1.6490
111.2000,8,1.0000,1.0000,2,0,0,true,55.2000,0.6941,10.2078,1.4556
111.3000,8,1.0000,1.0000,2,0,0,true,55.2000,0.7426,10.2078,1.4556
111.4000,8,1.0000,1.0000,2,0,0,true,55.2000,0.9306,10.4253,1.3018
111.5000,8,1.0000,1.0000,2,0,0,true,55.2000,0.9781,10.4253,1.3018
111.6000,8,1.0000,1.0000,2,0,0,true,55.2000,0.7426,10.6440,1.2190
111.7000,8,1.0000,1.0000,2,0,0,true,55.2000,0.7816,10.6440,1.2190
111.8000,8,1.0000,1.0000,2,0,0,true,55.2000,0.6715,10.8338,1.1983
111.9000,8,1.0000,1.0000,2,0,0,true,55.2000,0.7335,10.8338,1.1983
112.0000,8,1.0000,1.0000,2,0,0,true,55.2000,0.2624,10.9555,1.2117
112.1000,8,1.0000,1.0000,2,0,0,true,55.2000,0.3211,10.9555,1.2117
112.2000,8,1.0000,1.0000,2,0,0,true,55.2000,0.3667,11.0943,1.0892
112.3000,8,1.0000,1.0000,2,0,0,true,55.2000,0.4337,11.0943,1.0892
112.4000,8,1.0000,1.0000,2,0,0,true,55.2000,0.1921,11.2204,1.0575
112.5000,8,1.0000,1.0000,2,0,0,true,55.2000,0.2661,11.2204,1.0575
112.6000,8,1.0000,1.0000,2,0,0,true,55.2000,0.5538,11.3299,0.9808
112.7000,8,1.0000,1.0000,2,0,0,true,55.2000,0.5677,11.3299,0.9808
112.8000,8,1.0000,1.0000,2,0,0,true,55.2000,0.6411,11.4607,1.0493
112.9000,8,1.0000,1.0000,2,0,0,true,55.2000,0.7209,11.4607,1.0493
113.0000,8,1.0000,1.0000,2,0,0,true,55.2000,0.7396,11.6311,1.0182
113.1000,8,1.0000,1.0000,2,0,0,true,55.2000,0.8178,11.6311,1.0182
113.2000,8,1.0000,1.0000,2,0,0,true,55.2000,1.0991,11.6585,0.9531
113.3000,8,1.0000,1.0000,2,0,0,true,55.2000,1.1791,11.6585,0.9531
113.4000,8,1.0000,1.0000,2,0,0,true,55.2000,0.6734,11.6626,0.9538
113.5000,8,1.0000,1.0000,2,0,0,true,55.2000,0.7532,11.6626,0.9538
113.6000,8,1.0000,1.0000,2,0,0,true,55.2000,0.5005,11.5890,1.0166
113.7000,8,1.0000,1.0000,2,0,0,true,55.2000,0.5750,11.5890,1.0166
113.8000,8,1.0000,1.0000,2,0,0,true,55.2000,0.2096,11.4730,1.1572
113.9000,8,1.0000,1.0000,2,0,0,true,55.2000,0.2643,11.4730,1.1572
114.0000,8,1.0000,1.0000,2,0,0,true,55.2000,0.1675,11.3622,1.3407
114.1000,8,1.0000,1.0000,2,0,0,true,55.2000,0.1057,11.3622,1.3407
114.2000,8,1.0000,1.0000,2,0,0,true,55.2000,0.6205,11.3201,1.5789
114.3000,8,1.0000,1.0000,2,0,0,true,55.2000,0.5414,11.3201,1.5789
114.4000,8,1.0000,1.0000,2,0,0,true,55.2000,0.5729,11.3253,1.8639
114.5000,8,1.0000,1.0000,2,0,0,true,55.2000,0.5171,11.3253,1.8639
114.6000,8,1.0000,1.0000,2,0,0,true,55.2000,0.7563,11.2737,2.1872
114.7000,8,1.0000,1.0000,2,0,0,true,55.2000,0.7118,11.2737,2.1872
114.8000,8,1.0000,1.0000,2,0,0,true,55.2000,0.6877,11.3266,2.5129
114.9000,8,1.0000,1.0000,2,0,0,true,55.2000,0.6082,11.3266,2.5129
115.0000,8,1.0000,1.0000,2,0,0,true,55.2000,0.7496,11.4459,2.8492
115.1000,8,1.0000,1.0000,2,0,0,true,55.2000,0.6730,11.4459,2.8492
115.2000,8,1.0000,1.0000,2,0,0,true,55.2000,0.8704,11.4960,3.1733
115.3000,8,1.0000,1.0000,2,0,0,true,55.2000,0.8023,11.4960,3.1733
115.4000,8,1.0000,1.0000,2,0,0,true,55.2000,0.7891,11.3284,2.9372
115.5000,8,1.0000,1.0000,2,0,0,true,55.2000,0.7153,11.3284,2.9372
115.6000,8,1.0000,1.0000,2,0,0,true,55.2000,0.1390,11.1779,2.7510
115.7000,8,1.0000,1.0000,2,0,0,true,55.2000,0.1054,11.1779,2.7510
115.8000,8,1.0000,1.0000,2,0,0,true,55.2000,0.7857,11.1876,2.5821
115.9000,8,1.0000,1.0000,2,0,0,true,55.2000,0.7267,11.1876,2.5821
116.0000,8,1.0000,1.0000,2,0,0,true,55.2000,0.5134,11.2469,2.3929
116.1000,8,1.0000,1.0000,2,0,0,true,55.2000,0.4521,11.2469,2.3929
116.2000,8,1.0000,1.0000,2,0,0,true,55.2000,0.4030,11.1845,2.2550
116.3000,8,1.0000,1.0000,2,0,0,true,55.2000,0.4136,11.1845,2.2550
116.4000,8,1.0000,1.0000,2,0,0,true,55.2000,0.2958,11.1143,2.2069
116.5000,8,1.0000,1.0000,2,0,0,true,55.2000,0.2685,11.1143,2.2069
116.6000,8,1.0000,1.0000,2,0,0,true,55.2000,0.2385,11.1341,2.1524
116.7000,8,1.0000,1.0000,2,0,0,true,55.2000,0.2918,11.1341,2.1524
116.8000,8,1.0000,1.0000,2,0,0,true,55.2000,0.2158,11.1726,2.1381
116.9000,8,1.0000,1.0000,2,0,0,true,55.2000,0.2163,11.1726,2.1381
117.0000,8,1.0000,1.0000,2,0,0,true,55.2000,0.5966,11.1783,2.0601
117.1000,8,1.0000,1.0000,2,0,0,true,55.2000,0.6740,11.1783,2.0601
117.2000,8,1.0000,1.0000,2,0,0,true,55.2000,0.0464,11.1966,1.9139
117.3000,8,1.0000,1.0000,2,0,0,true,55.2000,0.0521,11.1966,1.9139
117.4000,8,1.0000,1.0000,2,0,0,true,55.2000,0.4004,11.2154,1.7800
117.5000,8,1.0000,1.0000,2,0,0,true,55.2000,0.4330,11.2154,1.7800
117.6000,8,1.0000,1.0000,2,0,0,true,55.2000,0.4057,11.3341,1.6487
117.7000,8,1.0000,1.0000,2,0,0,true,55.2000,0.4530,11.3341,1.6487
117.8000,8,1.0000,1.0000,2,0,0,true,55.2000,0.8173,11.4025,1.5647
117.9000,8,1.0000,1.0000,2,0,0,true,55.2000,0.8606,11.4025,1.5647
118.0000,8,1.0000,1.0000,2,0,0,true,55.2000,0.6835,11.4172,1.5145
118.1000,8,1.0000,1.0000,2,0,0,true,55.2000,0.7327,11.4172,1.5145
118.2000,8,1.0000,1.0000,2,0,0,true,55.2000,0.4091,11.4334,1.4371
118.3000,8,1.0000,1.0000,2,0,0,true,55.2000,0.4661,11.4334,1.4371
118.4000,8,1.0000,1.0000,2,0,0,true,55.2000,0.5018,11.4155,1.3721
118.5000,8,1.0000,1.0000,2,0,0,true,55.2000,0.5765,11.4155,1.3721
118.6000,8,1.0000,1.0000,2,0,0,true,55.2000,0.3882,11.3368,1.2643
118.7000,8,1.0000,1.0000,2,0,0,true,55.2000,0.4405,11.3368,1.2643
118.8000,8,1.0000,1.0000,2,0,0,true,55.2000,0.4902,11.2631,1.1667
118.9000,8,1.0000,1.0000,2,0,0,true,55.2000,0.4654,11.2631,1.1667
119.0000,8,1.0000,1.0000,2,0,0,true,55.2000,0.2143,11.1922,1.2020
119.1000,8,1.0000,1.0000,2,0,0,true,55.2000,0.1635,11.1922,1.2020
119.2000,8,1.0000,1.0000,2,0,0,true,55.2000,0.0878,10.9674,1.0914
119.3000,8,1.0000,1.0000,2,0,0,true,55.2000,0.0452,10.9674,1.0914
119.4000,8,1.0000,1.0000,2,0,0,true,55.2000,0.5986,10.6729,0.9858
119.5000,8,1.0000,1.0000,2,0,0,true,55.2000,0.6567,10.6729,0.9858
119.6000,8,1.0000,1.0000,2,0,0,true,55.2000,0.4269,10.4813,0.9520
119.7000,8,1.0000,1.0000,2,0,0,true,55.2000,0.4818,10.4813,0.9520
119.8000,8,1.0000,1.0000,2,0,0,true,55.2000,0.5154,10.3567,0.9506
119.9000,8,1.0000,1.0000,2,0,0,true,55.2000,0.5844,10.3567,0.9506
120.0000,8,1.0000,1.0000,2,0,0,true,55.2000,1.0447,10.2522,0.9433
120.1000,8,1.0000,1.0000,2,0,0,true,55.2000,1.1114,10.2522,0.9433
120.2000,8,1.0000,1.0000,2,0,0,true,55.2000,0.7672,10.0877,0.9473
120.3000,8,1.0000,1.0000,2,0,0,true,55.2000,0.7132,10.0877,0.9473
120.4000,8,1.0000,1.0000,2,0,0,true,55.2000,0.8098,9.9953,0.9486
120.5000,8,1.0000,1.0000,2,0,0,true,55.2000,0.7334,9.9953,0.9486
120.6000,8,1.0000,1.0000,2,0,0,true,55.2000,0.5567,10.0131,0.9540
120.7000,8,1.0000,1.0000,2,0,0,true,55.2000,0.5676,10.0131,0.9540
120.8000,8,1.0000,1.0000,2,0,0,true,55.2000,0.5133,10.1135,0.9679
120.9000,8,1.0000,1.0000,2,0,0,true,55.2000,0.4967,10.1135,0.9679
121.0000,8,1.0000,1.0000,2,0,0,true,55.2000,0.7393,10.2771,0.9991
121.1000,8,1.0000,1.0000,2,0,0,true,55.2000,0.6693,10.2771,0.9991
121.2000,8,1.0000,1.0000,2,0,0,true,55.2000,0.6246,10.5199,1.1066
121.3000,8,1.0000,1.0000,2,0,0,true,55.2000,0.5564,10.5199,1.1066
121.4000,8,1.0000,1.0000,2,0,0,true,55.2000,0.8241,10.7528,1.3261
121.5000,8,1.0000,1.0000,2,0,0,true,55.2000,0.7443,10.7528,1.3261
121.6000,8,1.0000,1.0000,2,0,0,true,55.2000,0.2519,10.8660,1.6033
121.7000,8,1.0000,1.0000,2,0,0,true,55.2000,0.2196,10.8660,1.6033
121.8000,8,1.0000,1.0000,2,0,0,true,55.2000,0.1560,10.9904,1.6623
121.9000,8,1.0000,1.0000,2,0,0,true,55.2000,0.1079,10.9904,1.6623
122.0000,8,1.0000,1.0000,2,0,0,true,55.2000,0.4507,11.0666,1.5080
122.1000,8,1.0000,1.0000,2,0,0,true,55.2000,0.4011,11.0666,1.5080
122.2000,8,1.0000,1.0000,2,0,0,true,55.2000,0.5297,10.9757,1.3636
122.3000,8,1.0000,1.0000,2,0,0,true,55.2000,0.4800,10.9757,1.3636
122.4000,8,1.0000,1.0000,2,0,0,true,55.2000,0.3190,10.8497,1.2534
122.5000,8,1.0000,1.0000,2,0,0,true,55.2000,0.3189,10.8497,1.2534
122.6000,8,1.0000,1.0000,2,0,0,true,55.2000,0.5253,10.6951,1.1226
122.7000,8,1.0000,1.0000,2,0,0,true,55.2000,0.6028,10.6951,1.1226
122.8000,8,1.0000,1.0000,2,0,0,true,55.2000,0.8780,10.5771,1.0440
122.9000,8,1.0000,1.0000,2,0,0,true,55.2000,0.9522,10.5771,1.0440
123.0000,8,1.0000,1.0000,2,0,0,true,55.2000,0.5423,10.5114,1.0119
123.1000,8,1.0000,1.0000,2,0,0,true,55.2000,0.6057,10.5114,1.0119
123.2000,8,1.0000,1.0000,2,0,0,true,55.2000,0.7208,10.4584,0.9865
123.3000,8,1.0000,1.0000,2,0,0,true,55.2000,0.7964,10.4584,0.9865
123.4000,8,1.0000,1.0000,2,0,0,true,55.2000,0.7568,10.4298,0.9613
123.5000,8,1.0000,1.0000,2,0,0,true,55.2000,0.8300,10.4298,0.9613
123.6000,8,1.0000,1.0000,2,0,0,true,55.2000,0.9088,10.4189,0.9488
123.7000,8,1.0000,1.0000,2,0,0,true,55.2000,0.9887,10.4189,0.9488
123.8000,8,1.0000,1.0000,2,0,0,true,55.2000,0.5643,10.4150,0.9441
123.9000,8,1.0000,1.0000,2,0,0,true,55.2000,0.6423,10.4150,0.9441
124.0000,8,1.0000,1.0000,2,0,0,true,55.2000,0.2830,10.4362,0.9540
124.1000,8,1.0000,1.0000,2,0,0,true,55.2000,0.2583,10.4362,0.9540
124.2000,8,1.0000,1.0000,2,0,0,true,55.2000,0.5896,10.5359,0.9938
124.3000,8,1.0000,1.0000,2,0,0,true,55.2000,0.6276,10.5359,0.9938
124.4000,8,1.0000,1.0000,2,0,0,true,55.2000,0.9130,10.7314,0.9867
124.5000,8,1.0000,1.0000,2,0,0,true,55.2000,0.9635,10.7314,0.9867
124.6000,8,1.0000,1.0000,2,0,0,true,55.2000,0.5875,10.8406,0.9526
124.7000,8,1.0000,1.0000,2,0,0,true,55.2000,0.6478,10.8406,0.9526
124.8000,8,1.0000,1.0000,2,0,0,true,55.2000,0.6303,10.8128,0.9538
124.9000,8,1.0000,1.0000,2,0,0,true,55.2000,0.7064,10.8128,0.9538
125.0000,8,1.0000,1.0000,2,0,0,true,55.2000,0.3304,10.9035,0.9450
125.1000,8,1.0000,1.0000,2,0,0,true,55.2000,0.3001,10.9035,0.9450
125.2000,8,1.0000,1.0000,2,0,0,true,55.2000,0.4216,11.0257,1.0318
125.3000,8,1.0000,1.0000,2,0,0,true,55.2000,0.4213,11.0257,1.0318
125.4000,8,1.0000,1.0000,2,0,0,true,55.2000,0.5232,11.2302,1.1511
125.5000,8,1.0000,1.0000,2,0,0,true,55.2000,0.5215,11.2302,1.1511
125.6000,8,1.0000,1.0000,2,0,0,true,55.2000,0.5742,11.5108,1.3503
125.7000,8,1.0000,1.0000,2,0,0,true,55.2000,0.5397,11.5108,1.3503
125.8000,8,1.0000,1.0000,2,0,0,true,55.2000,0.5782,11.7739,1.4434
125.9000,8,1.0000,1.0000,2,0,0,true,55.2000,0.5102,11.7739,1.4434
126.0000,8,1.0000,1.0000,2,0,0,true,55.2000,0.5122,11.8479,1.2156
126.1000,8,1.0000,1.0000,2,0,0,true,55.2000,0.4423,11.8479,1.2156
126.2000,8,1.0000,1.0000,2,0,0,true,55.2000,0.4869,11.8128,1.0405
126.3000,8,1.0000,1.0000,2,0,0,true,55.2000,0.4075,11.8128,1.0405
126.4000,8,1.0000,1.0000,2,0,0,true,55.2000,0.5860,11.7043,0.9485
126.5000,8,1.0000,1.0000,2,0,0,true,55.2000,0.5076,11.7043,0.9485
126.6000,8,1.0000,1.0000,2,0,0,true,55.2000,0.6115,11.6686,0.9587
126.7000,8,1.0000,1.0000,2,0,0,true,55.2000,0.5640,11.6686,0.9587
126.8000,8,1.0000,1.0000,2,0,0,true,55.2000,0.5386,11.5384,0.9746
126.9000,8,1.0000,1.0000,2,0,0,true,55.2000,0.5562,11.5384,0.9746
127.0000,8,1.0000,1.0000,2,0,0,true,55.2000,1.0682,11.2717,0.9563
127.1000,8,1.0000,1.0000,2,0,0,true,55.2000,1.0969,11.2717,0.9563
127.2000,8,1.0000,1.0000,2,0,0,true,55.2000,0.9306,10.8709,1.0296
127.3000,8,1.0000,1.0000,2,0,0,true,55.2000,0.9572,10.8709,1.0296
127.4000,8,1.0000,1.0000,2,0,0,true,55.2000,0.6444,10.5501,1.1978
127.5000,8,1.0000,1.0000,2,0,0,true,55.2000,0.6572,10.5501,1.1978
127.6000,8,1.0000,1.0000,2,0,0,true,55.2000,0.7085,10.3976,1.3683
127.7000,8,1.0000,1.0000,2,0,0,true,55.2000,0.7628,10.3976,1.3683
127.8000,8,1.0000,1.0000,2,0,0,true,55.2000,0.3512,10.4004,1.5091
127.9000,8,1.0000,1.0000,2,0,0,true,55.2000,0.3927,10.4004,1.5091
128.0000,8,1.0000,1.0000,2,0,0,true,55.2000,0.7278,10.4947,1.7248
128.1000,8,1.0000,1.0000,2,0,0,true,55.2000,0.8047,10.4947,1.7248
128.2000,8,1.0000,1.0000,2,0,0,true,55.2000,0.4235,10.5440,1.9202
128.3000,8,1.0000,1.0000,2,0,0,true,55.2000,0.5027,10.5440,1.9202
128.4000,8,1.0000,1.0000,2,0,0,true,55.2000,0.7675,10.5809,1.6854
128.5000,8,1.0000,1.0000,2,0,0,true,55.2000,0.8267,10.5809,1.6854
128.6000,8,1.0000,1.0000,2,0,0,true,55.2000,0.5047,10.6201,1.4737
128.7000,8,1.0000,1.0000,2,0,0,true,55.2000,0.5781,10.6201,1.4737
128.8000,8,1.0000,1.0000,2,0,0,true,55.2000,0.2439,10.7916,1.3084
128.9000,8,1.0000,1.0000,2,0,0,true,55.2000,0.2869,10.7916,1.3084
129.0000,8,1.0000,1.0000,2,0,0,true,55.2000,0.0612,10.9603,1.1878
129.1000,8,1.0000,1.0000,2,0,0,true,55.2000,0.1404,10.9603,1.1878
129.2000,8,1.0000,1.0000,2,0,0,true,55.2000,0.3693,11.1067,1.0991
129.3000,8,1.0000,1.0000,2,0,0,true,55.2000,0.3018,11.1067,1.0991
129.4000,8,1.0000,1.0000,2,0,0,true,55.2000,0.4736,11.2034,1.1110
129.5000,8,1.0000,1.0000,2,0,0,true,55.2000,0.5349,11.2034,1.1110
129.6000,8,1.0000,1.0000,2,0,0,true,55.2000,0.4178,11.2201,1.0884
129.7000,8,1.0000,1.0000,2,0,0,true,55.2000,0.4963,11.2201,1.0884
129.8000,8,1.0000,1.0000,2,0,0,true,55.2000,0.5371,10.8467,0.9679
129.9000,8,1.0000,1.0000,2,0,0,true,55.2000,0.5442,10.8467,0.9679
130.0000,8,1.0000,1.0000,2,0,0,true,55.2000,0.5032,10.5464,0.9508
130.1000,8,1.0000,1.0000,2,0,0,true,55.2000,0.4641,10.5464,0.9508
130.2000,8,1.0000,1.0000,2,0,0,true,55.2000,0.6716,10.3571,0.9719
130.3000,8,1.0000,1.0000,2,0,0,true,55.2000,0.6155,10.3571,0.9719
130.4000,8,1.0000,1.0000,2,0,0,true,55.2000,0.2803,10.2049,0.9915
130.5000,8,1.0000,1.0000,2,0,0,true,55.2000,0.3467,10.2049,0.9915
130.6000,8,1.0000,1.0000,2,0,0,true,55.2000,0.7066,10.0769,0.9541
130.7000,8,1.0000,1.0000,2,0,0,true,55.2000,0.7823,10.0769,0.9541
130.8000,8,1.0000,1.0000,2,0,0,true,55.2000,0.7801,9.9867,0.9637
130.9000,8,1.0000,1.0000,2,0,0,true,55.2000,0.8534,9.9867,0.9637
131.0000,8,1.0000,1.0000,2,0,0,true,55.2000,0.6999,9.9899,1.0026
131.1000,8,1.0000,1.0000,2,0,0,true,55.2000,0.7774,9.9899,1.0026
131.2000,8,1.0000,1.0000,2,0,0,true,55.2000,0.9419,10.0285,0.9829
131.3000,8,1.0000,1.0000,2,0,0,true,55.2000,1.0197,10.0285,0.9829
131.4000,8,1.0000,1.0000,2,0,0,true,55.2000,0.3111,10.1419,0.9861
131.5000,8,1.0000,1.0000,2,0,0,true,55.2000,0.3909,10.1419,0.9861
131.6000,8,1.0000,1.0000,2,0,0,true,55.2000,0.3952,10.3858,0.9769
131.7000,8,1.0000,1.0000,2,0,0,true,55.2000,0.4329,10.3858,0.9769
131.8000,8,1.0000,1.0000,2,0,0,true,55.2000,0.2920,10.6725,1.0141
131.9000,8,1.0000,1.0000,2,0,0,true,55.2000,0.2470,10.6725,1.0141
132.0000,8,1.0000,1.0000,2,0,0,true,55.2000,0.7215,10.8462,1.1933
132.1000,8,1.0000,1.0000,2,0,0,true,55.2000,0.6706,10.8462,1.1933
132.2000,8,1.0000,1.0000,2,0,0,true,55.2000,0.5194,10.8342,1.3936
132.3000,8,1.0000,1.0000,2,0,0,true,55.2000,0.4399,10.8342,1.3936
132.4000,8,1.0000,1.0000,2,0,0,true,55.2000,0.1285,10.8908,1.6599
132.5000,8,1.0000,1.0000,2,0,0,true,55.2000,0.1664,10.8908,1.6599
132.6000,8,1.0000,1.0000,2,0,0,true,55.2000,0.1725,10.9626,1.9050
132.7000,8,1.0000,1.0000,2,0,0,true,55.2000,0.2511,10.9626,1.9050
132.8000,8,1.0000,1.0000,2,0,0,true,55.2000,0.3499,11.0872,2.2703
132.9000,8,1.0000,1.0000,2,0,0,true,55.2000,0.3168,11.0872,2.2703
133.0000,8,1.0000,1.0000,2,0,0,true,55.2000,0.1864,11.1615,2.5820
133.1000,8,1.0000,1.0000,2,0,0,true,55.2000,0.2240,11.1615,2.5820
133.2000,8,1.0000,1.0000,2,0,0,true,55.2000,0.3417,11.1914,2.9030
133.3000,8,1.0000,1.0000,2,0,0,true,55.2000,0.3325,11.1914,2.9030
133.4000,8,1.0000,1.0000,2,0,0,true,55.2000,0.3044,11.2314,2.8075
133.5000,8,1.0000,1.0000,2,0,0,true,55.2000,0.3165,11.2314,2.8075
133.6000,8,1.0000,1.0000,2,0,0,true,55.2000,0.7944,11.2653,2.4616
133.7000,8,1.0000,1.0000,2,0,0,true,55.2000,0.8133,11.2653,2.4616
133.8000,8,1.0000,1.0000,2,0,0,true,55.2000,0.4818,11.1061,2.1515
133.9000,8,1.0000,1.0000,2,0,0,true,55.2000,0.4974,11.1061,2.1515
134.0000,8,1.0000,1.0000,2,0,0,true,55.2000,0.3213,10.9348,1.8517
134.1000,8,1.0000,1.0000,2,0,0,true,55.2000,0.3419,10.9348,1.8517
134.2000,8,1.0000,1.0000,2,0,0,true,55.2000,0.1448,10.8795,1.5719
134.3000,8,1.0000,1.0000,2,0,0,true,55.2000,0.0997,10.8795,1.5719
134.4000,8,1.0000,1.0000,2,0,0,true,55.2000,0.3294,10.8887,1.3141
134.5000,8,1.0000,1.0000,2,0,0,true,55.2000,0.2502,10.8887,1.3141
134.6000,8,1.0000,1.0000,2,0,0,true,55.2000,0.4658,10.9355,1.0975
134.7000,8,1.0000,1.0000,2,0,0,true,55.2000,0.4832,10.9355,1.0975
134.8000,8,1.0000,1.0000,2,0,0,true,55.2000,0.3720,10.9395,0.9650
134.9000,8,1.0000,1.0000,2,0,0,true,55.2000,0.4411,10.9395,0.9650
135.0000,8,1.0000,1.0000,2,0,0,true,55.2000,0.1953,11.0590,0.9524
135.1000,8,1.0000,1.0000,2,0,0,true,55.2000,0.2077,11.0590,0.9524
135.2000,8,1.0000,1.0000,2,0,0,true,55.2000,0.2325,11.1560,1.0316
135.3000,8,1.0000,1.0000,2,0,0,true,55.2000,0.2767,11.1560,1.0316
135.4000,8,1.0000,1.0000,2,0,0,true,55.2000,0.6825,11.2459,1.1278
135.5000,8,1.0000,1.0000,2,0,0,true,55.2000,0.7050,11.2459,1.1278
135.6000,8,1.0000,1.0000,2,0,0,true,55.2000,0.5768,11.2792,1.1809
135.7000,8,1.0000,1.0000,2,0,0,true,55.2000,0.6315,11.2792,1.1809
135.8000,8,1.0000,1.0000,2,0,0,true,55.2000,0.5756,11.2637,1.1559
135.9000,8,1.0000,1.0000,2,0,0,true,55.2000,0.6554,11.2637,1.1559
136.0000,8,1.0000,1.0000,2,0,0,true,55.2000,0.4255,11.2455,1.0897
136.1000,8,1.0000,1.0000,2,0,0,true,55.2000,0.5054,11.2455,1.0897
136.2000,8,1.0000,1.0000,2,0,0,true,55.2000,0.6425,11.2697,1.0524
136.3000,8,1.0000,1.0000,2,0,0,true,55.2000,0.6913,11.2697,1.0524
136.4000,8,1.0000,1.0000,2,0,0,true,55.2000,0.6644,11.3931,1.0786
136.5000,8,1.0000,1.0000,2,0,0,true,55.2000,0.7112,11.3931,1.0786
136.6000,8,1.0000,1.0000,2,0,0,true,55.2000,0.6851,11.4624,1.1209
136.7000,8,1.0000,1.0000,2,0,0,true,55.2000,0.7634,11.4624,1.1209
136.8000,8,1.0000,1.0000,2,0,0,true,55.2000,0.4469,11.6116,1.1327
136.9000,8,1.0000,1.0000,2,0,0,true,55.2000,0.5257,11.6116,1.1327
137.0000,8,1.0000,1.0000,2,0,0,true,55.2000,0.3923,11.7921,1.1327
137.1000,8,1.0000,1.0000,2,0,0,true,55.2000,0.3797,11.7921,1.1327
137.2000,8,1.0000,1.0000,2,0,0,true,55.2000,0.4281,11.8032,1.1327
137.3000,8,1.0000,1.0000,2,0,0,true,55.2000,0.3542,11.8032,1.1327
137.4000,8,1.0000,1.0000,2,0,0,true,55.2000,0.4283,11.7350,0.9835
137.5000,8,1.0000,1.0000,2,0,0,true,55.2000,0.4845,11.7350,0.9835
137.6000,8,1.0000,1.0000,2,0,0,true,55.2000,1.2357,11.5861,0.9835
137.7000,8,1.0000,1.0000,2,0,0,true,55.2000,1.2962,11.5861,0.9835
137.8000,8,1.0000,1.0000,2,0,0,true,55.2000,1.0133,11.4064,0.9835
137.9000,8,1.0000,1.0000,2,0,0,true,55.2000,1.0749,11.4064,0.9835
138.0000,8,1.0000,1.0000,2,0,0,true,55.2000,0.9107,11.2311,0.9835
138.1000,8,1.0000,1.0000,2,0,0,true,55.2000,0.9834,11.2311,0.9835
138.2000,8,1.0000,1.0000,2,0,0,true,55.2000,0.8453,11.1364,0.9835
138.3000,8,1.0000,1.0000,2,0,0,true,55.2000,0.9237,11.1364,0.9835
138.4000,8,1.0000,1.0000,2,0,0,true,55.2000,1.1671,11.1386,0.9835
138.5000,8,1.0000,1.0000,2,0,0,true,55.2000,1.2470,11.1386,0.9835
138.6000,8,1.0000,1.0000,2,0,0,true,55.2000,0.7823,11.1828,0.9778
138.7000,8,1.0000,1.0000,2,0,0,true,55.2000,0.8623,11.1828,0.9778
138.8000,8,1.0000,1.0000,2,0,0,true,55.2000,0.4535,11.2451,0.9598
138.9000,8,1.0000,1.0000,2,0,0,true,55.2000,0.5245,11.2451,0.9598
139.0000,8,1.0000,1.0000,2,0,0,true,55.2000,0.2546,11.2403,0.9439
139.1000,8,1.0000,1.0000,2,0,0,true,55.2000,0.2870,11.2403,0.9439
139.2000,8,1.0000,1.0000,2,0,0,true,55.2000,0.2102,11.3152,0.9481
139.3000,8,1.0000,1.0000,2,0,0,true,55.2000,0.1377,11.3152,0.9481
139.4000,8,1.0000,1.0000,2,0,0,true,55.2000,0.5524,11.4400,0.9708
139.5000,8,1.0000,1.0000,2,0,0,true,55.2000,0.4759,11.4400,0.9708
139.6000,8,1.0000,1.0000,2,0,0,true,55.2000,0.4283,11.5640,0.9928
139.7000,8,1.0000,1.0000,2,0,0,true,55.2000,0.3583,11.5640,0.9928
139.8000,8,1.0000,1.0000,2,0,0,true,55.2000,0.3441,11.6786,1.1473
139.9000,8,1.0000,1.0000,2,0,0,true,55.2000,0.2645,11.6786,1.1473
140.0000,8,1.0000,1.0000,2,0,0,true,55.2000,0.2771,11.7848,1.3705
140.1000,8,1.0000,1.0000,2,0,0,true,55.2000,0.2498,11.7848,1.3705
140.2000,8,1.0000,1.0000,2,0,0,true,55.2000,0.8785,11.8714,1.6228
140.3000,8,1.0000,1.0000,2,0,0,true,55.2000,0.8615,11.8714,1.6228
140.4000,8,1.0000,1.0000,2,0,0,true,55.2000,0.5973,11.9775,1.4618
140.5000,8,1.0000,1.0000,2,0,0,true,55.2000,0.6353,11.9775,1.4618
140.6000,8,1.0000,1.0000,2,0,0,true,55.2000,0.2557,11.9727,1.2672
140.7000,8,1.0000,1.0000,2,0,0,true,55.2000,0.2038,11.9727,1.2672
140.8000,8,1.0000,1.0000,2,0,0,true,55.2000,0.1949,11.8417,1.1389
140.9000,8,1.0000,1.0000,2,0,0,true,55.2000,0.1349,11.8417,1.1389
141.0000,8,1.0000,1.0000,2,0,0,true,55.2000,0.5002,11.7160,1.0700
141.1000,8,1.0000,1.0000,2,0,0,true,55.2000,0.4212,11.7160,1.0700
141.2000,8,1.0000,1.0000,2,0,0,true,55.2000,0.2659,11.6657,1.1209
141.3000,8,1.0000,1.0000,2,0,0,true,55.2000,0.2307,11.6657,1.1209
141.4000,8,1.0000,1.0000,2,0,0,true,55.2000,0.1819,11.7056,1.2375
141.5000,8,1.0000,1.0000,2,0,0,true,55.2000,0.1544,11.7056,1.2375
141.6000,8,1.0000,1.0000,2,0,0,true,55.2000,0.2774,11.7022,1.4169
141.7000,8,1.0000,1.0000,2,0,0,true,55.2000,0.2194,11.7022,1.4169
141.8000,8,1.0000,1.0000,2,0,0,true,55.2000,0.1070,11.6531,1.6363
141.9000,8,1.0000,1.0000,2,0,0,true,55.2000,0.1870,11.6531,1.6363
142.0000,8,1.0000,1.0000,2,0,0,true,55.2000,0.0584,11.5549,1.8784
142.1000,8,1.0000,1.0000,2,0,0,true,55.2000,0.0917,11.5549,1.8784
142.2000,8,1.0000,1.0000,2,0,0,true,55.2000,0.0701,11.5296,2.1657
142.3000,8,1.0000,1.0000,2,0,0,true,55.2000,0.1194,11.5296,2.1657
142.4000,8,1.0000,1.0000,2,0,0,true,55.2000,0.1607,11.5093,2.4870
142.5000,8,1.0000,1.0000,2,0,0,true,55.2000,0.1848,11.5093,2.4870
142.6000,8,1.0000,1.0000,2,0,0,true,55.2000,0.3470,11.4802,2.8064
142.7000,8,1.0000,1.0000,2,0,0,true,55.2000,0.3559,11.4802,2.8064
142.8000,8,1.0000,1.0000,2,0,0,true,55.2000,0.2519,11.4355,3.1202
142.9000,8,1.0000,1.0000,2,0,0,true,55.2000,0.3263,11.4355,3.1202
143.0000,8,1.0000,1.0000,2,0,0,true,55.2000,0.3293,11.4953,3.4481
143.1000,8,1.0000,1.0000,2,0,0,true,55.2000,0.3544,11.4953,3.4481
143.2000,8,1.0000,1.0000,2,0,0,true,55.2000,0.4155,11.5712,3.7912
143.3000,8,1.0000,1.0000,2,0,0,true,55.2000,0.4701,11.5712,3.7912
143.4000,8,1.0000,1.0000,2,0,0,true,55.2000,0.1539,11.6052,3.8321
143.5000,8,1.0000,1.0000,2,0,0,true,55.2000,0.2242,11.6052,3.8321
143.6000,8,1.0000,1.0000,2,0,0,true,55.2000,0.3914,11.6303,3.8331
143.7000,8,1.0000,1.0000,2,0,0,true,55.2000,0.4369,11.6303,3.8331
143.8000,8,1.0000,1.0000,2,0,0,true,55.2000,0.6041,11.6663,3.8043
143.9000,8,1.0000,1.0000,2,0,0,true,55.2000,0.6503,11.6663,3.8043
144.0000,8,1.0000,1.0000,2,0,0,true,55.2000,0.7110,11.8064,3.7011
144.1000,8,1.0000,1.0000,2,0,0,true,55.2000,0.7364,11.8064,3.7011
144.2000,8,1.0000,1.0000,2,0,0,true,55.2000,0.8338,11.9372,3.5797
144.3000,8,1.0000,1.0000,2,0,0,true,55.2000,0.8913,11.9372,3.5797
144.4000,8,1.0000,1.0000,2,0,0,true,55.2000,0.5865,11.9537,3.3050
144.5000,8,1.0000,1.0000,2,0,0,true,55.2000,0.6625,11.9537,3.3050
144.6000,8,1.0000,1.0000,2,0,0,true,55.2000,0.5360,11.9260,3.0862
144.7000,8,1.0000,1.0000,2,0,0,true,55.2000,0.6076,11.9260,3.0862
144.8000,8,1.0000,1.0000,2,0,0,true,55.2000,0.6586,11.9793,2.8528
144.9000,8,1.0000,1.0000,2,0,0,true,55.2000,0.7354,11.9793,2.8528
145.0000,8,1.0000,1.0000,2,0,0,true,55.2000,0.2511,11.9363,2.6377
145.1000,8,1.0000,1.0000,2,0,0,true,55.2000,0.2495,11.9363,2.6377
145.2000,8,1.0000,1.0000,2,0,0,true,55.2000,0.7175,11.8896,2.3193
145.3000,8,1.0000,1.0000,2,0,0,true,55.2000,0.7975,11.8896,2.3193
145.4000,8,1.0000,1.0000,2,0,0,true,55.2000,0.3629,11.8118,2.0024
145.5000,8,1.0000,1.0000,2,0,0,true,55.2000,0.4333,11.8118,2.0024
145.6000,8,1.0000,1.0000,2,0,0,true,55.2000,0.5258,11.6891,1.7013
145.7000,8,1.0000,1.0000,2,0,0,true,55.2000,0.6028,11.6891,1.7013
145.8000,8,1.0000,1.0000,2,0,0,true,55.2000,0.3236,11.5203,1.4250
145.9000,8,1.0000,1.0000,2,0,0,true,55.2000,0.3946,11.5203,1.4250
146.0000,8,1.0000,1.0000,2,0,0,true,55.2000,0.7411,11.3379,1.1943
146.1000,8,1.0000,1.0000,2,0,0,true,55.2000,0.7291,11.3379,1.1943
146.2000,8,1.0000,1.0000,2,0,0,true,55.2000,0.7590,11.1879,1.0303
146.3000,8,1.0000,1.0000,2,0,0,true,55.2000,0.7485,11.1879,1.0303
146.4000,8,1.0000,1.0000,2,0,0,true,55.2000,0.8294,11.1128,0.9453
146.5000,8,1.0000,1.0000,2,0,0,true,55.2000,0.8332,11.1128,0.9453
146.6000,8,1.0000,1.0000,2,0,0,true,55.2000,0.2719,10.9811,0.9651
146.7000,8,1.0000,1.0000,2,0,0,true,55.2000,0.3109,10.9811,0.9651
146.8000,8,1.0000,1.0000,2,0,0,true,55.2000,0.0598,10.8630,0.9776
146.9000,8,1.0000,1.0000,2,0,0,true,55.2000,0.0421,10.8630,0.9776
147.0000,8,1.0000,1.0000,2,0,0,true,55.2000,0.2326,10.8728,0.9761
147.1000,8,1.0000,1.0000,2,0,0,true,55.2000,0.1706,10.8728,0.9761
147.2000,8,1.0000,1.0000,2,0,0,true,55.2000,0.4106,10.9726,0.9504
147.3000,8,1.0000,1.0000,2,0,0,true,55.2000,0.3487,10.9726,0.9504
147.4000,8,1.0000,1.0000,2,0,0,true,55.2000,0.0724,11.0912,0.9819
147.5000,8,1.0000,1.0000,2,0,0,true,55.2000,0.0889,11.0912,0.9819
147.6000,8,1.0000,1.0000,2,0,0,true,55.2000,0.5367,11.2461,0.9428
147.7000,8,1.0000,1.0000,2,0,0,true,55.2000,0.4862,11.2461,0.9428
147.8000,8,1.0000,1.0000,2,0,0,true,55.2000,0.4002,11.3594,0.9948
147.9000,8,1.0000,1.0000,2,0,0,true,55.2000,0.3207,11.3594,0.9948
148.0000,8,1.0000,1.0000,2,0,0,true,55.2000,0.3704,11.3444,1.0699
148.1000,8,1.0000,1.0000,2,0,0,true,55.2000,0.3359,11.3444,1.0699
148.2000,8,1.0000,1.0000,2,0,0,true,55.2000,0.5141,11.3179,1.2335
148.3000,8,1.0000,1.0000,2,0,0,true,55.2000,0.4341,11.3179,1.2335
148.4000,8,1.0000,1.0000,2,0,0,true,55.2000,0.9534,11.3006,1.4882
148.5000,8,1.0000,1.0000,2,0,0,true,55.2000,0.8749,11.3006,1.4882
148.6000,8,1.0000,1.0000,2,0,0,true,55.2000,0.5135,11.3640,1.7782
148.7000,8,1.0000,1.0000,2,0,0,true,55.2000,0.4489,11.3640,1.7782
148.8000,8,1.0000,1.0000,2,0,0,true,55.2000,0.9126,11.4396,2.0899
148.9000,8,1.0000,1.0000,2,0,0,true,55.2000,0.8647,11.4396,2.0899
149.0000,8,1.0000,1.0000,2,0,0,true,55.2000,0.7569,11.3770,2.4052
149.1000,8,1.0000,1.0000,2,0,0,true,55.2000,0.7196,11.3770,2.4052
149.2000,8,1.0000,1.0000,2,0,0,true,55.2000,0.6068,11.3613,2.7356
149.3000,8,1.0000,1.0000,2,0,0,true,55.2000,0.5605,11.3613,2.7356
149.4000,8,1.0000,1.0000,2,0,0,true,55.2000,0.2302,11.4765,2.8722
149.5000,8,1.0000,1.0000,2,0,0,true,55.2000,0.1691,11.4765,2.8722
149.6000,8,1.0000,1.0000,2,0,0,true,55.2000,0.7517,11.6912,2.6909
149.7000,8,1.0000,1.0000,2,0,0,true,55.2000,0.7624,11.6912,2.6909
149.8000,8,1.0000,1.0000,2,0,0,true,55.2000,0.6685,11.8843,2.4715
149.9000,8,1.0000,1.0000,2,0,0,true,55.2000,0.6882,11.8843,2.4715
